.dockerignore
Dockerfile
compose.yaml
composer.json
composer.lock
config/.gitignore
config/autoload/.gitignore
config/autoload/dependencies.global.php
config/autoload/development.local.php.dist
config/autoload/local.php.dist
config/autoload/mezzio.global.php
config/autoload/pilot.global.php
config/config.php
config/container.php
config/development.config.php.dist
config/pipeline.php
config/routes.php
pilot/README.md
pilot/bootstrap.php
pilot/budget.php
pilot/check.php
pilot/contracts.json
pilot/evidence.php
pilot/freeze.php
pilot/library/baseline.tar
pilot/library/baseline/.gitignore
pilot/library/baseline/CHANGELOG.md
pilot/library/baseline/LICENSE
pilot/library/baseline/README.md
pilot/library/baseline/benchmarks/aggregate.php
pilot/library/baseline/benchmarks/compare.php
pilot/library/baseline/benchmarks/request-mapper.php
pilot/library/baseline/composer.json
pilot/library/baseline/config/mezzio-valinor.global.php.dist
pilot/library/baseline/docs/MIGRATION-2.0.md
pilot/library/baseline/docs/MIGRATION-3.0.md
pilot/library/baseline/docs/upstream/valinor-invalid-utf8.md
pilot/library/baseline/src/Attribute/MapRequest.php
pilot/library/baseline/src/ConfigProvider.php
pilot/library/baseline/src/Error/DefaultMappingErrorResponder.php
pilot/library/baseline/src/Error/MappingErrorContext.php
pilot/library/baseline/src/Error/MappingErrorResponderInterface.php
pilot/library/baseline/src/Error/MappingErrorResponderResolver.php
pilot/library/baseline/src/Error/RequestInputError.php
pilot/library/baseline/src/Exception/InvalidMapRequestConfiguration.php
pilot/library/baseline/src/Factory/DefaultMappingErrorResponderFactory.php
pilot/library/baseline/src/Factory/HttpRequestSourceFactoryFactory.php
pilot/library/baseline/src/Factory/MapRequestResolverFactory.php
pilot/library/baseline/src/Factory/MappingErrorResponderResolverFactory.php
pilot/library/baseline/src/Factory/MappingPlanResolverFactory.php
pilot/library/baseline/src/Factory/ValinorMapperBuilderFactory.php
pilot/library/baseline/src/Factory/ValinorRequestMapperMiddlewareFactory.php
pilot/library/baseline/src/Factory/ValinorTreeMapperFactory.php
pilot/library/baseline/src/Mapping/HandlerTarget.php
pilot/library/baseline/src/Mapping/HandlerTargetCacheEntry.php
pilot/library/baseline/src/Mapping/HandlerTargetResolver.php
pilot/library/baseline/src/Mapping/HttpMethodNormalizer.php
pilot/library/baseline/src/Mapping/HttpRequestSourceContext.php
pilot/library/baseline/src/Mapping/HttpRequestSourceFactory.php
pilot/library/baseline/src/Mapping/InputEncodingValidator.php
pilot/library/baseline/src/Mapping/InputEncodingValidatorInterface.php
pilot/library/baseline/src/Mapping/MapRequestOptionsParser.php
pilot/library/baseline/src/Mapping/MapRequestResolver.php
pilot/library/baseline/src/Mapping/MappingOperation.php
pilot/library/baseline/src/Mapping/MappingPlanResolver.php
pilot/library/baseline/src/Mapping/RouteMetadataEntry.php
pilot/library/baseline/src/Middleware/ValinorRequestMapperMiddleware.php
pilot/library/candidate.tar
pilot/library/candidate/.gitignore
pilot/library/candidate/CHANGELOG.md
pilot/library/candidate/LICENSE
pilot/library/candidate/README.md
pilot/library/candidate/benchmarks/aggregate.php
pilot/library/candidate/benchmarks/compare.php
pilot/library/candidate/benchmarks/request-mapper.php
pilot/library/candidate/benchmarks/resource-mapper.php
pilot/library/candidate/benchmarks/worker-soak.php
pilot/library/candidate/composer-dependency-analyser.php
pilot/library/candidate/composer.json
pilot/library/candidate/config/mezzio-valinor.global.php.dist
pilot/library/candidate/docs/MIGRATION-2.0.md
pilot/library/candidate/docs/MIGRATION-3.0.md
pilot/library/candidate/docs/upstream/valinor-invalid-utf8.md
pilot/library/candidate/src/Attribute/MapRequest.php
pilot/library/candidate/src/ConfigProvider.php
pilot/library/candidate/src/Error/DefaultMappingErrorResponder.php
pilot/library/candidate/src/Error/ErrorResponseOptions.php
pilot/library/candidate/src/Error/MappingErrorContext.php
pilot/library/candidate/src/Error/MappingErrorResponderInterface.php
pilot/library/candidate/src/Error/MappingErrorResponderResolver.php
pilot/library/candidate/src/Error/RequestInputError.php
pilot/library/candidate/src/Exception/InvalidMapRequestConfiguration.php
pilot/library/candidate/src/Factory/DefaultMappingErrorResponderFactory.php
pilot/library/candidate/src/Factory/HttpRequestSourceFactoryFactory.php
pilot/library/candidate/src/Factory/InputEncodingValidatorFactory.php
pilot/library/candidate/src/Factory/MapRequestResolverFactory.php
pilot/library/candidate/src/Factory/MappingErrorResponderResolverFactory.php
pilot/library/candidate/src/Factory/MappingPlanResolverFactory.php
pilot/library/candidate/src/Factory/ValinorMapperBuilderFactory.php
pilot/library/candidate/src/Factory/ValinorRequestMapperMiddlewareFactory.php
pilot/library/candidate/src/Factory/ValinorTreeMapperFactory.php
pilot/library/candidate/src/Mapping/HandlerTarget.php
pilot/library/candidate/src/Mapping/HandlerTargetCacheEntry.php
pilot/library/candidate/src/Mapping/HandlerTargetResolver.php
pilot/library/candidate/src/Mapping/HttpMethodNormalizer.php
pilot/library/candidate/src/Mapping/HttpRequestSourceContext.php
pilot/library/candidate/src/Mapping/HttpRequestSourceFactory.php
pilot/library/candidate/src/Mapping/InputEncodingValidator.php
pilot/library/candidate/src/Mapping/InputEncodingValidatorInterface.php
pilot/library/candidate/src/Mapping/InputLimits.php
pilot/library/candidate/src/Mapping/MapRequestOptionsParser.php
pilot/library/candidate/src/Mapping/MapRequestResolver.php
pilot/library/candidate/src/Mapping/MappingOperation.php
pilot/library/candidate/src/Mapping/MappingPlanResolver.php
pilot/library/candidate/src/Mapping/RouteMetadataEntry.php
pilot/library/candidate/src/Middleware/ValinorRequestMapperMiddleware.php
pilot/load.js
pilot/payloads/w1.json
pilot/payloads/w2.json
pilot/payloads/w3.json
pilot/run.php
pilot/runtime/README.md
pilot/runtime/daemon.json
pilot/runtime/docker.php
pilot/runtime/fpm.conf
pilot/runtime/nginx.conf
pilot/runtime/php.ini
pilot/runtime/preflight-plan.json
pilot/runtime/preflight.js
pilot/runtime/proc.php
pilot/runtime/rr-worker.php
pilot/runtime/rr.yaml
pilot/runtime/sample.php
pilot/runtime/swoole-config.php
pilot/runtime/validate-response.js
pilot/runtime/verify.php
pilot/sample.sh
pilot/sources/php83-compat.Dockerfile
pilot/sources/swoole-6.1.0.tgz
pilot/tests/budgets.php
pilot/tests/checker.php
pilot/tests/contracts.php
pilot/tests/docker-binding.php
pilot/tests/driver.php
pilot/tests/evidence.php
pilot/tests/fake-docker.php
pilot/tests/freeze.php
pilot/tests/load.mjs
pilot/tests/native-api.js
pilot/tests/parallel-collection.php
pilot/tests/preflight.mjs
pilot/tests/response-validator.mjs
pilot/tests/runtime.php
pilot/tests/sampling.php
pilot/versions.json
public/.htaccess
public/index.php
src/App/src/Handler/HomePageHandler.php
src/App/src/Handler/HomePageHandlerFactory.php
src/App/src/Handler/PingHandler.php
src/App/templates/.gitkeep
src/MezzioInstaller/OptionalPackages.php
src/MezzioInstaller/Resources/config/container-chubbyphp.php
src/MezzioInstaller/Resources/config/container-laminas-servicemanager.php
src/MezzioInstaller/Resources/config/container-php-di.php
src/MezzioInstaller/Resources/config/container-sf-di.php
src/MezzioInstaller/Resources/config/error-handler-whoops.php
src/MezzioInstaller/Resources/config/routes-fastroute-full.php
src/MezzioInstaller/Resources/config/routes-fastroute-minimal.php
src/MezzioInstaller/Resources/config/routes-laminas-router-full.php
src/MezzioInstaller/Resources/config/routes-laminas-router-minimal.php
src/MezzioInstaller/Resources/src/ConfigProvider.flat.php
src/MezzioInstaller/Resources/src/ConfigProvider.modular.php
src/MezzioInstaller/Resources/templates/laminas-view/404.phtml
src/MezzioInstaller/Resources/templates/laminas-view/error.phtml
src/MezzioInstaller/Resources/templates/laminas-view/home-page.phtml
src/MezzioInstaller/Resources/templates/laminas-view/layout.phtml
src/MezzioInstaller/Resources/templates/plates/404.phtml
src/MezzioInstaller/Resources/templates/plates/error.phtml
src/MezzioInstaller/Resources/templates/plates/home-page.phtml
src/MezzioInstaller/Resources/templates/plates/layout.phtml
src/MezzioInstaller/Resources/templates/twig/404.html.twig
src/MezzioInstaller/Resources/templates/twig/error.html.twig
src/MezzioInstaller/Resources/templates/twig/home-page.html.twig
src/MezzioInstaller/Resources/templates/twig/layout.html.twig
src/MezzioInstaller/config.php
src/Pilot/Dto/Batch.php
src/Pilot/Dto/Contact.php
src/Pilot/Dto/Item.php
src/Pilot/Dto/Person.php
src/Pilot/Handler.php
src/Pilot/RequestProbe.php
vendor/autoload.php
vendor/bin/generate-deps-for-config-factory
vendor/bin/generate-deps-for-config-factory.bat
vendor/bin/generate-factory-for-class
vendor/bin/generate-factory-for-class.bat
vendor/bin/mezzio-tooling
vendor/bin/mezzio-tooling.bat
vendor/bin/php-parse
vendor/bin/php-parse.bat
vendor/brick/varexporter/CHANGELOG.md
vendor/brick/varexporter/LICENSE
vendor/brick/varexporter/composer.json
vendor/brick/varexporter/src/ExportException.php
vendor/brick/varexporter/src/Internal/GenericExporter.php
vendor/brick/varexporter/src/Internal/ObjectExporter.php
vendor/brick/varexporter/src/Internal/ObjectExporter/AnyObjectExporter.php
vendor/brick/varexporter/src/Internal/ObjectExporter/ClosureExporter.php
vendor/brick/varexporter/src/Internal/ObjectExporter/ClosureExporter/PrettyPrinter.php
vendor/brick/varexporter/src/Internal/ObjectExporter/EnumExporter.php
vendor/brick/varexporter/src/Internal/ObjectExporter/InternalClassExporter.php
vendor/brick/varexporter/src/Internal/ObjectExporter/SerializeExporter.php
vendor/brick/varexporter/src/Internal/ObjectExporter/SetStateExporter.php
vendor/brick/varexporter/src/Internal/ObjectExporter/StdClassExporter.php
vendor/brick/varexporter/src/VarExporter.php
vendor/brick/varexporter/tools/ecs/composer.json
vendor/brick/varexporter/tools/ecs/ecs.php
vendor/composer/ClassLoader.php
vendor/composer/InstalledVersions.php
vendor/composer/LICENSE
vendor/composer/autoload_classmap.php
vendor/composer/autoload_files.php
vendor/composer/autoload_namespaces.php
vendor/composer/autoload_psr4.php
vendor/composer/autoload_real.php
vendor/composer/autoload_static.php
vendor/composer/installed.json
vendor/composer/installed.php
vendor/composer/platform_check.php
vendor/cuyz/valinor/LICENSE.md
vendor/cuyz/valinor/README.md
vendor/cuyz/valinor/SECURITY.md
vendor/cuyz/valinor/composer.json
vendor/cuyz/valinor/qa/PHPStan/Extension/ApiAndInternalAnnotationCheck.php
vendor/cuyz/valinor/qa/PHPStan/Extension/ArgumentsMapperPHPStanExtension.php
vendor/cuyz/valinor/qa/PHPStan/Extension/SuppressPureErrors.php
vendor/cuyz/valinor/qa/PHPStan/Extension/TreeMapperPHPStanExtension.php
vendor/cuyz/valinor/qa/PHPStan/valinor-phpstan-configuration.php
vendor/cuyz/valinor/qa/PHPStan/valinor-phpstan-suppress-pure-errors.php
vendor/cuyz/valinor/qa/Psalm/Plugin/ArgumentsMapperPsalmPlugin.php
vendor/cuyz/valinor/qa/Psalm/Plugin/TreeMapperPsalmPlugin.php
vendor/cuyz/valinor/qa/Psalm/ValinorPsalmPlugin.php
vendor/cuyz/valinor/qa/Psalm/valinor-psalm-suppress-pure-errors.xml
vendor/cuyz/valinor/src/Cache/Cache.php
vendor/cuyz/valinor/src/Cache/CacheEntry.php
vendor/cuyz/valinor/src/Cache/Exception/CacheDirectoryNotWritable.php
vendor/cuyz/valinor/src/Cache/Exception/CompiledPhpCacheFileNotWritten.php
vendor/cuyz/valinor/src/Cache/Exception/CorruptedCompiledPhpCacheFile.php
vendor/cuyz/valinor/src/Cache/Exception/InvalidSignatureToWarmup.php
vendor/cuyz/valinor/src/Cache/FileSystemCache.php
vendor/cuyz/valinor/src/Cache/FileWatchingCache.php
vendor/cuyz/valinor/src/Cache/KeySanitizerCache.php
vendor/cuyz/valinor/src/Cache/RuntimeCache.php
vendor/cuyz/valinor/src/Cache/TypeFilesWatcher.php
vendor/cuyz/valinor/src/Cache/Warmup/RecursiveCacheWarmupService.php
vendor/cuyz/valinor/src/Compiler/Compiler.php
vendor/cuyz/valinor/src/Compiler/Library/NewAttributeNode.php
vendor/cuyz/valinor/src/Compiler/Library/TypeAcceptNode.php
vendor/cuyz/valinor/src/Compiler/Native/AnonymousClassNode.php
vendor/cuyz/valinor/src/Compiler/Native/ArrayKeyAccessNode.php
vendor/cuyz/valinor/src/Compiler/Native/ArrayNode.php
vendor/cuyz/valinor/src/Compiler/Native/AssignNode.php
vendor/cuyz/valinor/src/Compiler/Native/CallNode.php
vendor/cuyz/valinor/src/Compiler/Native/CastNode.php
vendor/cuyz/valinor/src/Compiler/Native/ClassConstantNode.php
vendor/cuyz/valinor/src/Compiler/Native/ClassNameNode.php
vendor/cuyz/valinor/src/Compiler/Native/CloneNode.php
vendor/cuyz/valinor/src/Compiler/Native/ClosureNode.php
vendor/cuyz/valinor/src/Compiler/Native/DifferentNode.php
vendor/cuyz/valinor/src/Compiler/Native/EqualsNode.php
vendor/cuyz/valinor/src/Compiler/Native/ForEachNode.php
vendor/cuyz/valinor/src/Compiler/Native/FunctionCallNode.php
vendor/cuyz/valinor/src/Compiler/Native/FunctionNameNode.php
vendor/cuyz/valinor/src/Compiler/Native/GreaterOrEqualsToNode.php
vendor/cuyz/valinor/src/Compiler/Native/GreaterThanNode.php
vendor/cuyz/valinor/src/Compiler/Native/IfNode.php
vendor/cuyz/valinor/src/Compiler/Native/InstanceOfNode.php
vendor/cuyz/valinor/src/Compiler/Native/LessOrEqualsToNode.php
vendor/cuyz/valinor/src/Compiler/Native/LessThanNode.php
vendor/cuyz/valinor/src/Compiler/Native/LogicalAndNode.php
vendor/cuyz/valinor/src/Compiler/Native/LogicalOrNode.php
vendor/cuyz/valinor/src/Compiler/Native/MatchNode.php
vendor/cuyz/valinor/src/Compiler/Native/MethodCallNode.php
vendor/cuyz/valinor/src/Compiler/Native/MethodNode.php
vendor/cuyz/valinor/src/Compiler/Native/NegateNode.php
vendor/cuyz/valinor/src/Compiler/Native/NewClassNode.php
vendor/cuyz/valinor/src/Compiler/Native/ParameterDeclarationNode.php
vendor/cuyz/valinor/src/Compiler/Native/PhpFileNode.php
vendor/cuyz/valinor/src/Compiler/Native/PropertyDeclarationNode.php
vendor/cuyz/valinor/src/Compiler/Native/PropertyNode.php
vendor/cuyz/valinor/src/Compiler/Native/ReturnNode.php
vendor/cuyz/valinor/src/Compiler/Native/ShortClosureNode.php
vendor/cuyz/valinor/src/Compiler/Native/StatementNode.php
vendor/cuyz/valinor/src/Compiler/Native/StaticAccessNode.php
vendor/cuyz/valinor/src/Compiler/Native/StaticMethodCallNode.php
vendor/cuyz/valinor/src/Compiler/Native/TernaryNode.php
vendor/cuyz/valinor/src/Compiler/Native/ThrowNode.php
vendor/cuyz/valinor/src/Compiler/Native/ValueNode.php
vendor/cuyz/valinor/src/Compiler/Native/VariableAccessNode.php
vendor/cuyz/valinor/src/Compiler/Native/VariableNode.php
vendor/cuyz/valinor/src/Compiler/Native/WrapNode.php
vendor/cuyz/valinor/src/Compiler/Native/YieldNode.php
vendor/cuyz/valinor/src/Compiler/Node.php
vendor/cuyz/valinor/src/Compiler/node-functions.php
vendor/cuyz/valinor/src/Definition/AttributeDefinition.php
vendor/cuyz/valinor/src/Definition/Attributes.php
vendor/cuyz/valinor/src/Definition/ClassDefinition.php
vendor/cuyz/valinor/src/Definition/FunctionDefinition.php
vendor/cuyz/valinor/src/Definition/FunctionObject.php
vendor/cuyz/valinor/src/Definition/FunctionsContainer.php
vendor/cuyz/valinor/src/Definition/MethodDefinition.php
vendor/cuyz/valinor/src/Definition/Methods.php
vendor/cuyz/valinor/src/Definition/ParameterDefinition.php
vendor/cuyz/valinor/src/Definition/Parameters.php
vendor/cuyz/valinor/src/Definition/Properties.php
vendor/cuyz/valinor/src/Definition/PropertyDefinition.php
vendor/cuyz/valinor/src/Definition/Repository/AttributesRepository.php
vendor/cuyz/valinor/src/Definition/Repository/Cache/CompiledClassDefinitionRepository.php
vendor/cuyz/valinor/src/Definition/Repository/Cache/CompiledFunctionDefinitionRepository.php
vendor/cuyz/valinor/src/Definition/Repository/Cache/Compiler/AttributesCompiler.php
vendor/cuyz/valinor/src/Definition/Repository/Cache/Compiler/ClassDefinitionCompiler.php
vendor/cuyz/valinor/src/Definition/Repository/Cache/Compiler/Exception/TypeCannotBeCompiled.php
vendor/cuyz/valinor/src/Definition/Repository/Cache/Compiler/FunctionDefinitionCompiler.php
vendor/cuyz/valinor/src/Definition/Repository/Cache/Compiler/MethodDefinitionCompiler.php
vendor/cuyz/valinor/src/Definition/Repository/Cache/Compiler/ParameterDefinitionCompiler.php
vendor/cuyz/valinor/src/Definition/Repository/Cache/Compiler/PropertyDefinitionCompiler.php
vendor/cuyz/valinor/src/Definition/Repository/Cache/Compiler/TypeCompiler.php
vendor/cuyz/valinor/src/Definition/Repository/Cache/InMemoryClassDefinitionRepository.php
vendor/cuyz/valinor/src/Definition/Repository/Cache/InMemoryFunctionDefinitionRepository.php
vendor/cuyz/valinor/src/Definition/Repository/ClassDefinitionRepository.php
vendor/cuyz/valinor/src/Definition/Repository/FunctionDefinitionRepository.php
vendor/cuyz/valinor/src/Definition/Repository/Reflection/ReflectionAttributesRepository.php
vendor/cuyz/valinor/src/Definition/Repository/Reflection/ReflectionClassDefinitionRepository.php
vendor/cuyz/valinor/src/Definition/Repository/Reflection/ReflectionFunctionDefinitionRepository.php
vendor/cuyz/valinor/src/Definition/Repository/Reflection/ReflectionMethodDefinitionBuilder.php
vendor/cuyz/valinor/src/Definition/Repository/Reflection/ReflectionParameterDefinitionBuilder.php
vendor/cuyz/valinor/src/Definition/Repository/Reflection/ReflectionPropertyDefinitionBuilder.php
vendor/cuyz/valinor/src/Definition/Repository/Reflection/TypeResolver/ClassGenericResolver.php
vendor/cuyz/valinor/src/Definition/Repository/Reflection/TypeResolver/ClassImportedTypeAliasResolver.php
vendor/cuyz/valinor/src/Definition/Repository/Reflection/TypeResolver/ClassLocalTypeAliasResolver.php
vendor/cuyz/valinor/src/Definition/Repository/Reflection/TypeResolver/ClassParentTypeResolver.php
vendor/cuyz/valinor/src/Definition/Repository/Reflection/TypeResolver/FunctionReturnTypeResolver.php
vendor/cuyz/valinor/src/Definition/Repository/Reflection/TypeResolver/ParameterTypeResolver.php
vendor/cuyz/valinor/src/Definition/Repository/Reflection/TypeResolver/PropertyTypeResolver.php
vendor/cuyz/valinor/src/Definition/Repository/Reflection/TypeResolver/ReflectionTypeResolver.php
vendor/cuyz/valinor/src/Definition/Repository/Reflection/TypeResolver/TemplateResolver.php
vendor/cuyz/valinor/src/Library/Container.php
vendor/cuyz/valinor/src/Library/Settings.php
vendor/cuyz/valinor/src/Mapper/ArgumentsMapper.php
vendor/cuyz/valinor/src/Mapper/ArgumentsMapperError.php
vendor/cuyz/valinor/src/Mapper/AsConverter.php
vendor/cuyz/valinor/src/Mapper/Configurator/ConvertKeysToCamelCase.php
vendor/cuyz/valinor/src/Mapper/Configurator/ConvertKeysToSnakeCase.php
vendor/cuyz/valinor/src/Mapper/Configurator/MapArrayToList.php
vendor/cuyz/valinor/src/Mapper/Configurator/MapAsBool.php
vendor/cuyz/valinor/src/Mapper/Configurator/MapAsFloat.php
vendor/cuyz/valinor/src/Mapper/Configurator/MapAsInt.php
vendor/cuyz/valinor/src/Mapper/Configurator/MapAsString.php
vendor/cuyz/valinor/src/Mapper/Configurator/MapExplodedStringToList.php
vendor/cuyz/valinor/src/Mapper/Configurator/MapFromJson.php
vendor/cuyz/valinor/src/Mapper/Configurator/MapFromKey.php
vendor/cuyz/valinor/src/Mapper/Configurator/MapKeysToCamelCase.php
vendor/cuyz/valinor/src/Mapper/Configurator/MapKeysToSnakeCase.php
vendor/cuyz/valinor/src/Mapper/Configurator/MapToDateTimeFromFormat.php
vendor/cuyz/valinor/src/Mapper/Configurator/MapperBuilderConfigurator.php
vendor/cuyz/valinor/src/Mapper/Configurator/RestrictKeysToCamelCase.php
vendor/cuyz/valinor/src/Mapper/Configurator/RestrictKeysToKebabCase.php
vendor/cuyz/valinor/src/Mapper/Configurator/RestrictKeysToPascalCase.php
vendor/cuyz/valinor/src/Mapper/Configurator/RestrictKeysToSnakeCase.php
vendor/cuyz/valinor/src/Mapper/Exception/InvalidMappingTypeSignature.php
vendor/cuyz/valinor/src/Mapper/Exception/MappingLogicalException.php
vendor/cuyz/valinor/src/Mapper/Exception/PsrRequestParsedBodyIsObject.php
vendor/cuyz/valinor/src/Mapper/Exception/TypeErrorDuringArgumentsMapping.php
vendor/cuyz/valinor/src/Mapper/Exception/TypeErrorDuringMapping.php
vendor/cuyz/valinor/src/Mapper/Http/FromBody.php
vendor/cuyz/valinor/src/Mapper/Http/FromQuery.php
vendor/cuyz/valinor/src/Mapper/Http/FromRoute.php
vendor/cuyz/valinor/src/Mapper/Http/HttpRequest.php
vendor/cuyz/valinor/src/Mapper/MappingError.php
vendor/cuyz/valinor/src/Mapper/Object/Argument.php
vendor/cuyz/valinor/src/Mapper/Object/Arguments.php
vendor/cuyz/valinor/src/Mapper/Object/Constructor.php
vendor/cuyz/valinor/src/Mapper/Object/DynamicConstructor.php
vendor/cuyz/valinor/src/Mapper/Object/Exception/CannotFindObjectBuilder.php
vendor/cuyz/valinor/src/Mapper/Object/Exception/CannotInstantiateObject.php
vendor/cuyz/valinor/src/Mapper/Object/Exception/CannotParseToDateTime.php
vendor/cuyz/valinor/src/Mapper/Object/Exception/InvalidConstructorClassTypeParameter.php
vendor/cuyz/valinor/src/Mapper/Object/Exception/InvalidConstructorMethodWithAttributeReturnType.php
vendor/cuyz/valinor/src/Mapper/Object/Exception/InvalidConstructorReturnType.php
vendor/cuyz/valinor/src/Mapper/Object/Exception/MissingConstructorClassTypeParameter.php
vendor/cuyz/valinor/src/Mapper/Object/Exception/ObjectBuildersCollision.php
vendor/cuyz/valinor/src/Mapper/Object/Exception/PermissiveTypeNotAllowed.php
vendor/cuyz/valinor/src/Mapper/Object/Factory/CircularDependencyDetectorObjectBuilderFactory.php
vendor/cuyz/valinor/src/Mapper/Object/Factory/ConstructorObjectBuilderFactory.php
vendor/cuyz/valinor/src/Mapper/Object/Factory/InMemoryObjectBuilderFactory.php
vendor/cuyz/valinor/src/Mapper/Object/Factory/ObjectBuilderFactory.php
vendor/cuyz/valinor/src/Mapper/Object/Factory/ReflectionObjectBuilderFactory.php
vendor/cuyz/valinor/src/Mapper/Object/Factory/SortingObjectBuilderFactory.php
vendor/cuyz/valinor/src/Mapper/Object/Factory/StrictTypesObjectBuilderFactory.php
vendor/cuyz/valinor/src/Mapper/Object/FunctionObjectBuilder.php
vendor/cuyz/valinor/src/Mapper/Object/InternalClassConstructors.php
vendor/cuyz/valinor/src/Mapper/Object/MethodArguments.php
vendor/cuyz/valinor/src/Mapper/Object/MethodObjectBuilder.php
vendor/cuyz/valinor/src/Mapper/Object/NativeConstructorObjectBuilder.php
vendor/cuyz/valinor/src/Mapper/Object/NativeEnumObjectBuilder.php
vendor/cuyz/valinor/src/Mapper/Object/ObjectBuilder.php
vendor/cuyz/valinor/src/Mapper/Object/ReflectionObjectBuilder.php
vendor/cuyz/valinor/src/Mapper/Source/Exception/FileExtensionNotHandled.php
vendor/cuyz/valinor/src/Mapper/Source/Exception/InvalidJson.php
vendor/cuyz/valinor/src/Mapper/Source/Exception/InvalidSource.php
vendor/cuyz/valinor/src/Mapper/Source/Exception/InvalidYaml.php
vendor/cuyz/valinor/src/Mapper/Source/Exception/SourceNotIterable.php
vendor/cuyz/valinor/src/Mapper/Source/Exception/UnableToReadFile.php
vendor/cuyz/valinor/src/Mapper/Source/Exception/YamlExtensionNotEnabled.php
vendor/cuyz/valinor/src/Mapper/Source/FileSource.php
vendor/cuyz/valinor/src/Mapper/Source/JsonSource.php
vendor/cuyz/valinor/src/Mapper/Source/Modifier/CamelCaseKeys.php
vendor/cuyz/valinor/src/Mapper/Source/Modifier/Mapping.php
vendor/cuyz/valinor/src/Mapper/Source/Modifier/PathMapping.php
vendor/cuyz/valinor/src/Mapper/Source/Source.php
vendor/cuyz/valinor/src/Mapper/Source/YamlSource.php
vendor/cuyz/valinor/src/Mapper/Tree/Builder/ArrayNodeBuilder.php
vendor/cuyz/valinor/src/Mapper/Tree/Builder/ConverterContainer.php
vendor/cuyz/valinor/src/Mapper/Tree/Builder/HttpRequestNodeBuilder.php
vendor/cuyz/valinor/src/Mapper/Tree/Builder/InterfaceInferringContainer.php
vendor/cuyz/valinor/src/Mapper/Tree/Builder/InterfaceNodeBuilder.php
vendor/cuyz/valinor/src/Mapper/Tree/Builder/KeyConverterNodeBuilder.php
vendor/cuyz/valinor/src/Mapper/Tree/Builder/ListNodeBuilder.php
vendor/cuyz/valinor/src/Mapper/Tree/Builder/MixedNodeBuilder.php
vendor/cuyz/valinor/src/Mapper/Tree/Builder/Node.php
vendor/cuyz/valinor/src/Mapper/Tree/Builder/NodeBuilder.php
vendor/cuyz/valinor/src/Mapper/Tree/Builder/NullNodeBuilder.php
vendor/cuyz/valinor/src/Mapper/Tree/Builder/ObjectNodeBuilder.php
vendor/cuyz/valinor/src/Mapper/Tree/Builder/ScalarNodeBuilder.php
vendor/cuyz/valinor/src/Mapper/Tree/Builder/ShapedArrayNodeBuilder.php
vendor/cuyz/valinor/src/Mapper/Tree/Builder/TypeNodeBuilder.php
vendor/cuyz/valinor/src/Mapper/Tree/Builder/UndefinedObjectNodeBuilder.php
vendor/cuyz/valinor/src/Mapper/Tree/Builder/UnionNodeBuilder.php
vendor/cuyz/valinor/src/Mapper/Tree/Builder/ValueConverterNodeBuilder.php
vendor/cuyz/valinor/src/Mapper/Tree/Exception/CannotInferFinalClass.php
vendor/cuyz/valinor/src/Mapper/Tree/Exception/CannotMapHttpRequestToUnsealedShapedArray.php
vendor/cuyz/valinor/src/Mapper/Tree/Exception/CannotMapToPermissiveType.php
vendor/cuyz/valinor/src/Mapper/Tree/Exception/CannotResolveObjectType.php
vendor/cuyz/valinor/src/Mapper/Tree/Exception/CannotResolveTypeFromUnion.php
vendor/cuyz/valinor/src/Mapper/Tree/Exception/CannotUseBothFromBodyAttributes.php
vendor/cuyz/valinor/src/Mapper/Tree/Exception/CannotUseBothFromQueryAttributes.php
vendor/cuyz/valinor/src/Mapper/Tree/Exception/CircularDependencyDetected.php
vendor/cuyz/valinor/src/Mapper/Tree/Exception/ConverterHasInvalidCallableParameter.php
vendor/cuyz/valinor/src/Mapper/Tree/Exception/ConverterHasInvalidReturnType.php
vendor/cuyz/valinor/src/Mapper/Tree/Exception/ConverterHasNoParameter.php
vendor/cuyz/valinor/src/Mapper/Tree/Exception/ConverterHasTooManyParameters.php
vendor/cuyz/valinor/src/Mapper/Tree/Exception/HttpRequestKeyCollision.php
vendor/cuyz/valinor/src/Mapper/Tree/Exception/InterfaceHasBothConstructorAndInfer.php
vendor/cuyz/valinor/src/Mapper/Tree/Exception/InvalidArrayKey.php
vendor/cuyz/valinor/src/Mapper/Tree/Exception/InvalidIterableKeyType.php
vendor/cuyz/valinor/src/Mapper/Tree/Exception/InvalidListKey.php
vendor/cuyz/valinor/src/Mapper/Tree/Exception/InvalidNodeDuringValueConversion.php
vendor/cuyz/valinor/src/Mapper/Tree/Exception/InvalidNodeValue.php
vendor/cuyz/valinor/src/Mapper/Tree/Exception/InvalidResolvedImplementationValue.php
vendor/cuyz/valinor/src/Mapper/Tree/Exception/KeyConverterHasInvalidStringParameter.php
vendor/cuyz/valinor/src/Mapper/Tree/Exception/KeyConverterHasNoParameter.php
vendor/cuyz/valinor/src/Mapper/Tree/Exception/KeyConverterHasTooManyParameters.php
vendor/cuyz/valinor/src/Mapper/Tree/Exception/KeysCollision.php
vendor/cuyz/valinor/src/Mapper/Tree/Exception/MissingNodeValue.php
vendor/cuyz/valinor/src/Mapper/Tree/Exception/MissingObjectImplementationRegistration.php
vendor/cuyz/valinor/src/Mapper/Tree/Exception/ObjectImplementationCallbackError.php
vendor/cuyz/valinor/src/Mapper/Tree/Exception/ObjectImplementationNotRegistered.php
vendor/cuyz/valinor/src/Mapper/Tree/Exception/ResolvedImplementationIsNotAccepted.php
vendor/cuyz/valinor/src/Mapper/Tree/Exception/SeveralAttributesMapToSameKey.php
vendor/cuyz/valinor/src/Mapper/Tree/Exception/SourceIsEmptyArray.php
vendor/cuyz/valinor/src/Mapper/Tree/Exception/SourceIsEmptyList.php
vendor/cuyz/valinor/src/Mapper/Tree/Exception/SourceIsNotNull.php
vendor/cuyz/valinor/src/Mapper/Tree/Exception/SourceMustBeIterable.php
vendor/cuyz/valinor/src/Mapper/Tree/Exception/TooManyResolvedTypesFromUnion.php
vendor/cuyz/valinor/src/Mapper/Tree/Exception/UnexpectedKeyInSource.php
vendor/cuyz/valinor/src/Mapper/Tree/Exception/UnresolvableShellType.php
vendor/cuyz/valinor/src/Mapper/Tree/Message/DefaultMessage.php
vendor/cuyz/valinor/src/Mapper/Tree/Message/ErrorMessage.php
vendor/cuyz/valinor/src/Mapper/Tree/Message/Formatter/AggregateMessageFormatter.php
vendor/cuyz/valinor/src/Mapper/Tree/Message/Formatter/CallbackMessageFormatter.php
vendor/cuyz/valinor/src/Mapper/Tree/Message/Formatter/LocaleMessageFormatter.php
vendor/cuyz/valinor/src/Mapper/Tree/Message/Formatter/MessageFormatter.php
vendor/cuyz/valinor/src/Mapper/Tree/Message/Formatter/MessageMapFormatter.php
vendor/cuyz/valinor/src/Mapper/Tree/Message/Formatter/TranslationMessageFormatter.php
vendor/cuyz/valinor/src/Mapper/Tree/Message/HasCode.php
vendor/cuyz/valinor/src/Mapper/Tree/Message/HasParameters.php
vendor/cuyz/valinor/src/Mapper/Tree/Message/Message.php
vendor/cuyz/valinor/src/Mapper/Tree/Message/MessageBuilder.php
vendor/cuyz/valinor/src/Mapper/Tree/Message/Messages.php
vendor/cuyz/valinor/src/Mapper/Tree/Message/NodeMessage.php
vendor/cuyz/valinor/src/Mapper/Tree/Message/UserlandError.php
vendor/cuyz/valinor/src/Mapper/Tree/RootNodeBuilder.php
vendor/cuyz/valinor/src/Mapper/Tree/Shell.php
vendor/cuyz/valinor/src/Mapper/TreeMapper.php
vendor/cuyz/valinor/src/Mapper/TypeArgumentsMapper.php
vendor/cuyz/valinor/src/Mapper/TypeTreeMapper.php
vendor/cuyz/valinor/src/Mapper/TypeTreeMapperError.php
vendor/cuyz/valinor/src/MapperBuilder.php
vendor/cuyz/valinor/src/Normalizer/ArrayNormalizer.php
vendor/cuyz/valinor/src/Normalizer/AsTransformer.php
vendor/cuyz/valinor/src/Normalizer/Configurator/IgnoreOnNormalization.php
vendor/cuyz/valinor/src/Normalizer/Configurator/NormalizeDateTimeFormat.php
vendor/cuyz/valinor/src/Normalizer/Configurator/NormalizeKeyTo.php
vendor/cuyz/valinor/src/Normalizer/Configurator/NormalizeKeysToCamelCase.php
vendor/cuyz/valinor/src/Normalizer/Configurator/NormalizeKeysToKebabCase.php
vendor/cuyz/valinor/src/Normalizer/Configurator/NormalizeKeysToPascalCase.php
vendor/cuyz/valinor/src/Normalizer/Configurator/NormalizeKeysToSnakeCase.php
vendor/cuyz/valinor/src/Normalizer/Configurator/NormalizeToSingleValue.php
vendor/cuyz/valinor/src/Normalizer/Configurator/NormalizerBuilderConfigurator.php
vendor/cuyz/valinor/src/Normalizer/Exception/CircularReferenceFoundDuringNormalization.php
vendor/cuyz/valinor/src/Normalizer/Exception/IgnoreOnNormalizationIsNotRegistered.php
vendor/cuyz/valinor/src/Normalizer/Exception/KeyTransformerHasTooManyParameters.php
vendor/cuyz/valinor/src/Normalizer/Exception/KeyTransformerParameterInvalidType.php
vendor/cuyz/valinor/src/Normalizer/Exception/TransformerHasInvalidCallableParameter.php
vendor/cuyz/valinor/src/Normalizer/Exception/TransformerHasNoParameter.php
vendor/cuyz/valinor/src/Normalizer/Exception/TransformerHasTooManyParameters.php
vendor/cuyz/valinor/src/Normalizer/Exception/TypeUnhandledByNormalizer.php
vendor/cuyz/valinor/src/Normalizer/Format.php
vendor/cuyz/valinor/src/Normalizer/Formatter/Exception/CannotFormatInvalidTypeToJson.php
vendor/cuyz/valinor/src/Normalizer/Formatter/JsonFormatter.php
vendor/cuyz/valinor/src/Normalizer/JsonNormalizer.php
vendor/cuyz/valinor/src/Normalizer/Normalizer.php
vendor/cuyz/valinor/src/Normalizer/StreamNormalizer.php
vendor/cuyz/valinor/src/Normalizer/Transformer/CompiledTransformer.php
vendor/cuyz/valinor/src/Normalizer/Transformer/Compiler/TransformerDefinition.php
vendor/cuyz/valinor/src/Normalizer/Transformer/Compiler/TransformerDefinitionBuilder.php
vendor/cuyz/valinor/src/Normalizer/Transformer/Compiler/TransformerRootNode.php
vendor/cuyz/valinor/src/Normalizer/Transformer/Compiler/TypeFormatter/ClassFormatter.php
vendor/cuyz/valinor/src/Normalizer/Transformer/Compiler/TypeFormatter/DateTimeFormatter.php
vendor/cuyz/valinor/src/Normalizer/Transformer/Compiler/TypeFormatter/DateTimeZoneFormatter.php
vendor/cuyz/valinor/src/Normalizer/Transformer/Compiler/TypeFormatter/EnumFormatter.php
vendor/cuyz/valinor/src/Normalizer/Transformer/Compiler/TypeFormatter/InterfaceFormatter.php
vendor/cuyz/valinor/src/Normalizer/Transformer/Compiler/TypeFormatter/MixedFormatter.php
vendor/cuyz/valinor/src/Normalizer/Transformer/Compiler/TypeFormatter/NullFormatter.php
vendor/cuyz/valinor/src/Normalizer/Transformer/Compiler/TypeFormatter/RegisteredTransformersFormatter.php
vendor/cuyz/valinor/src/Normalizer/Transformer/Compiler/TypeFormatter/ScalarFormatter.php
vendor/cuyz/valinor/src/Normalizer/Transformer/Compiler/TypeFormatter/ShapedArrayFormatter.php
vendor/cuyz/valinor/src/Normalizer/Transformer/Compiler/TypeFormatter/ShapedListFormatter.php
vendor/cuyz/valinor/src/Normalizer/Transformer/Compiler/TypeFormatter/StdClassFormatter.php
vendor/cuyz/valinor/src/Normalizer/Transformer/Compiler/TypeFormatter/TraversableFormatter.php
vendor/cuyz/valinor/src/Normalizer/Transformer/Compiler/TypeFormatter/TypeFormatter.php
vendor/cuyz/valinor/src/Normalizer/Transformer/Compiler/TypeFormatter/UnionFormatter.php
vendor/cuyz/valinor/src/Normalizer/Transformer/Compiler/TypeFormatter/UnitEnumFormatter.php
vendor/cuyz/valinor/src/Normalizer/Transformer/Compiler/TypeFormatter/UnsureTypeFormatter.php
vendor/cuyz/valinor/src/Normalizer/Transformer/EmptyObject.php
vendor/cuyz/valinor/src/Normalizer/Transformer/RecursiveTransformer.php
vendor/cuyz/valinor/src/Normalizer/Transformer/Transformer.php
vendor/cuyz/valinor/src/Normalizer/Transformer/TransformerContainer.php
vendor/cuyz/valinor/src/NormalizerBuilder.php
vendor/cuyz/valinor/src/Type/BooleanType.php
vendor/cuyz/valinor/src/Type/ClassType.php
vendor/cuyz/valinor/src/Type/CombiningType.php
vendor/cuyz/valinor/src/Type/CompositeTraversableType.php
vendor/cuyz/valinor/src/Type/CompositeType.php
vendor/cuyz/valinor/src/Type/DumpableType.php
vendor/cuyz/valinor/src/Type/Dumper/TypeDumpContext.php
vendor/cuyz/valinor/src/Type/Dumper/TypeDumper.php
vendor/cuyz/valinor/src/Type/FixedType.php
vendor/cuyz/valinor/src/Type/FloatType.php
vendor/cuyz/valinor/src/Type/IntegerType.php
vendor/cuyz/valinor/src/Type/ObjectType.php
vendor/cuyz/valinor/src/Type/ObjectWithGenericType.php
vendor/cuyz/valinor/src/Type/Parser/CachedParser.php
vendor/cuyz/valinor/src/Type/Parser/Exception/Callable/ExpectedClosingParenthesisAfterCallable.php
vendor/cuyz/valinor/src/Type/Parser/Exception/Callable/ExpectedColonAfterCallableClosingParenthesis.php
vendor/cuyz/valinor/src/Type/Parser/Exception/Callable/ExpectedReturnTypeAfterCallableColon.php
vendor/cuyz/valinor/src/Type/Parser/Exception/Callable/ExpectedTypeForCallable.php
vendor/cuyz/valinor/src/Type/Parser/Exception/Callable/UnexpectedTokenAfterCallableClosingParenthesis.php
vendor/cuyz/valinor/src/Type/Parser/Exception/Constant/ClassConstantCaseNotFound.php
vendor/cuyz/valinor/src/Type/Parser/Exception/Constant/MissingClassConstantCase.php
vendor/cuyz/valinor/src/Type/Parser/Exception/Enum/EnumCaseNotFound.php
vendor/cuyz/valinor/src/Type/Parser/Exception/Enum/EnumHasNoCase.php
vendor/cuyz/valinor/src/Type/Parser/Exception/Enum/MissingEnumCase.php
vendor/cuyz/valinor/src/Type/Parser/Exception/Enum/MissingSpecificEnumCase.php
vendor/cuyz/valinor/src/Type/Parser/Exception/ExpectedClosingParenthesisAfterType.php
vendor/cuyz/valinor/src/Type/Parser/Exception/Generic/CannotAssignGeneric.php
vendor/cuyz/valinor/src/Type/Parser/Exception/Generic/GenericClosingBracketMissing.php
vendor/cuyz/valinor/src/Type/Parser/Exception/Generic/GenericCommaMissing.php
vendor/cuyz/valinor/src/Type/Parser/Exception/Generic/MissingGenerics.php
vendor/cuyz/valinor/src/Type/Parser/Exception/Intersection/InvalidIntersectionElement.php
vendor/cuyz/valinor/src/Type/Parser/Exception/Intersection/RightIntersectionTypeMissing.php
vendor/cuyz/valinor/src/Type/Parser/Exception/InvalidType.php
vendor/cuyz/valinor/src/Type/Parser/Exception/Iterable/ArrayClosingBracketMissing.php
vendor/cuyz/valinor/src/Type/Parser/Exception/Iterable/ArrayCommaMissing.php
vendor/cuyz/valinor/src/Type/Parser/Exception/Iterable/ArrayExpectedCommaOrClosingBracket.php
vendor/cuyz/valinor/src/Type/Parser/Exception/Iterable/ArrayMissingSubType.php
vendor/cuyz/valinor/src/Type/Parser/Exception/Iterable/InvalidArrayKey.php
vendor/cuyz/valinor/src/Type/Parser/Exception/Iterable/InvalidShapedArrayUnsealedType.php
vendor/cuyz/valinor/src/Type/Parser/Exception/Iterable/InvalidShapedListUnsealedType.php
vendor/cuyz/valinor/src/Type/Parser/Exception/Iterable/ShapedArrayClosingBracketMissing.php
vendor/cuyz/valinor/src/Type/Parser/Exception/Iterable/ShapedArrayColonTokenMissing.php
vendor/cuyz/valinor/src/Type/Parser/Exception/Iterable/ShapedArrayCommaMissing.php
vendor/cuyz/valinor/src/Type/Parser/Exception/Iterable/ShapedArrayElementDuplicatedKey.php
vendor/cuyz/valinor/src/Type/Parser/Exception/Iterable/ShapedArrayElementTypeMissing.php
vendor/cuyz/valinor/src/Type/Parser/Exception/Iterable/ShapedArrayUnexpectedTokenAfterSealedType.php
vendor/cuyz/valinor/src/Type/Parser/Exception/Iterable/ShapedArrayWithoutElementsWithSealedType.php
vendor/cuyz/valinor/src/Type/Parser/Exception/Iterable/ShapedListInvalidKey.php
vendor/cuyz/valinor/src/Type/Parser/Exception/Iterable/ShapedListMandatoryAfterOptionalElement.php
vendor/cuyz/valinor/src/Type/Parser/Exception/Iterable/ShapedListMixedKeys.php
vendor/cuyz/valinor/src/Type/Parser/Exception/Iterable/SimpleArrayClosingBracketMissing.php
vendor/cuyz/valinor/src/Type/Parser/Exception/Magic/KeyOfClosingBracketMissing.php
vendor/cuyz/valinor/src/Type/Parser/Exception/Magic/KeyOfIncorrectSubType.php
vendor/cuyz/valinor/src/Type/Parser/Exception/Magic/KeyOfMissingSubType.php
vendor/cuyz/valinor/src/Type/Parser/Exception/Magic/KeyOfOpeningBracketMissing.php
vendor/cuyz/valinor/src/Type/Parser/Exception/Magic/ValueOfClosingBracketMissing.php
vendor/cuyz/valinor/src/Type/Parser/Exception/Magic/ValueOfIncorrectSubType.php
vendor/cuyz/valinor/src/Type/Parser/Exception/Magic/ValueOfMissingSubType.php
vendor/cuyz/valinor/src/Type/Parser/Exception/Magic/ValueOfOpeningBracketMissing.php
vendor/cuyz/valinor/src/Type/Parser/Exception/MissingClosingQuoteChar.php
vendor/cuyz/valinor/src/Type/Parser/Exception/Scalar/ClassStringClosingBracketMissing.php
vendor/cuyz/valinor/src/Type/Parser/Exception/Scalar/ClassStringMissingSubType.php
vendor/cuyz/valinor/src/Type/Parser/Exception/Scalar/IntegerRangeInvalidMaxValue.php
vendor/cuyz/valinor/src/Type/Parser/Exception/Scalar/IntegerRangeInvalidMinValue.php
vendor/cuyz/valinor/src/Type/Parser/Exception/Scalar/IntegerRangeMissingClosingBracket.php
vendor/cuyz/valinor/src/Type/Parser/Exception/Scalar/IntegerRangeMissingComma.php
vendor/cuyz/valinor/src/Type/Parser/Exception/Scalar/IntegerRangeMissingMaxValue.php
vendor/cuyz/valinor/src/Type/Parser/Exception/Scalar/IntegerRangeMissingMinValue.php
vendor/cuyz/valinor/src/Type/Parser/Exception/Scalar/NullableMissingRightType.php
vendor/cuyz/valinor/src/Type/Parser/Exception/Scalar/ReversedValuesForIntegerRange.php
vendor/cuyz/valinor/src/Type/Parser/Exception/Scalar/SameValueForIntegerRange.php
vendor/cuyz/valinor/src/Type/Parser/Exception/UnexpectedToken.php
vendor/cuyz/valinor/src/Type/Parser/Exception/Union/ForbiddenMixedType.php
vendor/cuyz/valinor/src/Type/Parser/Exception/Union/InvalidClassStringElements.php
vendor/cuyz/valinor/src/Type/Parser/Exception/Union/RightUnionTypeMissing.php
vendor/cuyz/valinor/src/Type/Parser/Factory/Specifications/AliasSpecification.php
vendor/cuyz/valinor/src/Type/Parser/Factory/Specifications/ClassContextSpecification.php
vendor/cuyz/valinor/src/Type/Parser/Factory/Specifications/ObjectSpecification.php
vendor/cuyz/valinor/src/Type/Parser/Factory/Specifications/TypeParserSpecification.php
vendor/cuyz/valinor/src/Type/Parser/Factory/TypeParserFactory.php
vendor/cuyz/valinor/src/Type/Parser/Lexer/NativeLexer.php
vendor/cuyz/valinor/src/Type/Parser/Lexer/SpecificationsLexer.php
vendor/cuyz/valinor/src/Type/Parser/Lexer/Token/ArrayToken.php
vendor/cuyz/valinor/src/Type/Parser/Lexer/Token/CallableToken.php
vendor/cuyz/valinor/src/Type/Parser/Lexer/Token/CaseFinder.php
vendor/cuyz/valinor/src/Type/Parser/Lexer/Token/ClassNameToken.php
vendor/cuyz/valinor/src/Type/Parser/Lexer/Token/ClassStringToken.php
vendor/cuyz/valinor/src/Type/Parser/Lexer/Token/ClosingBracketToken.php
vendor/cuyz/valinor/src/Type/Parser/Lexer/Token/ClosingCurlyBracketToken.php
vendor/cuyz/valinor/src/Type/Parser/Lexer/Token/ClosingParenthesisToken.php
vendor/cuyz/valinor/src/Type/Parser/Lexer/Token/ClosingSquareBracketToken.php
vendor/cuyz/valinor/src/Type/Parser/Lexer/Token/ColonToken.php
vendor/cuyz/valinor/src/Type/Parser/Lexer/Token/CommaToken.php
vendor/cuyz/valinor/src/Type/Parser/Lexer/Token/DoubleColonToken.php
vendor/cuyz/valinor/src/Type/Parser/Lexer/Token/EnumNameToken.php
vendor/cuyz/valinor/src/Type/Parser/Lexer/Token/FloatValueToken.php
vendor/cuyz/valinor/src/Type/Parser/Lexer/Token/IntegerToken.php
vendor/cuyz/valinor/src/Type/Parser/Lexer/Token/IntegerValueToken.php
vendor/cuyz/valinor/src/Type/Parser/Lexer/Token/IntersectionToken.php
vendor/cuyz/valinor/src/Type/Parser/Lexer/Token/KeyOfToken.php
vendor/cuyz/valinor/src/Type/Parser/Lexer/Token/LeftTraversingToken.php
vendor/cuyz/valinor/src/Type/Parser/Lexer/Token/NullableToken.php
vendor/cuyz/valinor/src/Type/Parser/Lexer/Token/ObjectToken.php
vendor/cuyz/valinor/src/Type/Parser/Lexer/Token/OpeningBracketToken.php
vendor/cuyz/valinor/src/Type/Parser/Lexer/Token/OpeningCurlyBracketToken.php
vendor/cuyz/valinor/src/Type/Parser/Lexer/Token/OpeningParenthesisToken.php
vendor/cuyz/valinor/src/Type/Parser/Lexer/Token/OpeningSquareBracketToken.php
vendor/cuyz/valinor/src/Type/Parser/Lexer/Token/StringValueToken.php
vendor/cuyz/valinor/src/Type/Parser/Lexer/Token/Token.php
vendor/cuyz/valinor/src/Type/Parser/Lexer/Token/TraversingToken.php
vendor/cuyz/valinor/src/Type/Parser/Lexer/Token/TripleDotsToken.php
vendor/cuyz/valinor/src/Type/Parser/Lexer/Token/TypeToken.php
vendor/cuyz/valinor/src/Type/Parser/Lexer/Token/UnionToken.php
vendor/cuyz/valinor/src/Type/Parser/Lexer/Token/VacantToken.php
vendor/cuyz/valinor/src/Type/Parser/Lexer/Token/ValueOfToken.php
vendor/cuyz/valinor/src/Type/Parser/Lexer/TokenStream.php
vendor/cuyz/valinor/src/Type/Parser/Lexer/TokenizedAnnotation.php
vendor/cuyz/valinor/src/Type/Parser/Lexer/TokensExtractor.php
vendor/cuyz/valinor/src/Type/Parser/Lexer/TypeLexer.php
vendor/cuyz/valinor/src/Type/Parser/LexingParser.php
vendor/cuyz/valinor/src/Type/Parser/TypeParser.php
vendor/cuyz/valinor/src/Type/Parser/UnresolvableTypeFinderParser.php
vendor/cuyz/valinor/src/Type/Parser/VacantTypeAssignerParser.php
vendor/cuyz/valinor/src/Type/ScalarType.php
vendor/cuyz/valinor/src/Type/StringType.php
vendor/cuyz/valinor/src/Type/Type.php
vendor/cuyz/valinor/src/Type/Types/ArrayKeyType.php
vendor/cuyz/valinor/src/Type/Types/ArrayType.php
vendor/cuyz/valinor/src/Type/Types/BooleanValueType.php
vendor/cuyz/valinor/src/Type/Types/CallableType.php
vendor/cuyz/valinor/src/Type/Types/ClassStringType.php
vendor/cuyz/valinor/src/Type/Types/EnumType.php
vendor/cuyz/valinor/src/Type/Types/Factory/CannotBuildTypeFromValue.php
vendor/cuyz/valinor/src/Type/Types/Factory/ValueTypeFactory.php
vendor/cuyz/valinor/src/Type/Types/FloatValueType.php
vendor/cuyz/valinor/src/Type/Types/GenericType.php
vendor/cuyz/valinor/src/Type/Types/Generics.php
vendor/cuyz/valinor/src/Type/Types/IntegerRangeType.php
vendor/cuyz/valinor/src/Type/Types/IntegerValueType.php
vendor/cuyz/valinor/src/Type/Types/InterfaceType.php
vendor/cuyz/valinor/src/Type/Types/IntersectionType.php
vendor/cuyz/valinor/src/Type/Types/IterableType.php
vendor/cuyz/valinor/src/Type/Types/ListType.php
vendor/cuyz/valinor/src/Type/Types/MixedType.php
vendor/cuyz/valinor/src/Type/Types/NativeBooleanType.php
vendor/cuyz/valinor/src/Type/Types/NativeClassType.php
vendor/cuyz/valinor/src/Type/Types/NativeFloatType.php
vendor/cuyz/valinor/src/Type/Types/NativeIntegerType.php
vendor/cuyz/valinor/src/Type/Types/NativeStringType.php
vendor/cuyz/valinor/src/Type/Types/NegativeIntegerType.php
vendor/cuyz/valinor/src/Type/Types/NonEmptyArrayType.php
vendor/cuyz/valinor/src/Type/Types/NonEmptyListType.php
vendor/cuyz/valinor/src/Type/Types/NonEmptyStringType.php
vendor/cuyz/valinor/src/Type/Types/NonNegativeIntegerType.php
vendor/cuyz/valinor/src/Type/Types/NonPositiveIntegerType.php
vendor/cuyz/valinor/src/Type/Types/NullType.php
vendor/cuyz/valinor/src/Type/Types/NumericStringType.php
vendor/cuyz/valinor/src/Type/Types/PositiveIntegerType.php
vendor/cuyz/valinor/src/Type/Types/ScalarConcreteType.php
vendor/cuyz/valinor/src/Type/Types/ShapedArrayElement.php
vendor/cuyz/valinor/src/Type/Types/ShapedArrayType.php
vendor/cuyz/valinor/src/Type/Types/ShapedListType.php
vendor/cuyz/valinor/src/Type/Types/StringValueType.php
vendor/cuyz/valinor/src/Type/Types/UndefinedObjectType.php
vendor/cuyz/valinor/src/Type/Types/UnionType.php
vendor/cuyz/valinor/src/Type/Types/UnresolvableType.php
vendor/cuyz/valinor/src/Type/VacantType.php
vendor/cuyz/valinor/src/Utility/IsSingleton.php
vendor/cuyz/valinor/src/Utility/Package.php
vendor/cuyz/valinor/src/Utility/Polyfill.php
vendor/cuyz/valinor/src/Utility/Reflection/Annotations.php
vendor/cuyz/valinor/src/Utility/Reflection/InternalClassTemplates.php
vendor/cuyz/valinor/src/Utility/Reflection/NamespaceFinder.php
vendor/cuyz/valinor/src/Utility/Reflection/PhpParser.php
vendor/cuyz/valinor/src/Utility/Reflection/Reflection.php
vendor/cuyz/valinor/src/Utility/Reflection/TokenParser.php
vendor/cuyz/valinor/src/Utility/String/StringCutter.php
vendor/cuyz/valinor/src/Utility/String/StringFormatter.php
vendor/cuyz/valinor/src/Utility/String/StringFormatterError.php
vendor/cuyz/valinor/src/Utility/TypeHelper.php
vendor/cuyz/valinor/src/Utility/ValueDumper.php
vendor/dflydev/fig-cookies/.editorconfig
vendor/dflydev/fig-cookies/.github/workflows/tests.yml
vendor/dflydev/fig-cookies/CHANGELOG.md
vendor/dflydev/fig-cookies/LICENSE
vendor/dflydev/fig-cookies/README.md
vendor/dflydev/fig-cookies/composer.json
vendor/dflydev/fig-cookies/composer.lock
vendor/dflydev/fig-cookies/phpcs.xml.dist
vendor/dflydev/fig-cookies/phpstan.neon
vendor/dflydev/fig-cookies/phpstan.tests.neon
vendor/dflydev/fig-cookies/psalm.xml
vendor/dflydev/fig-cookies/src/Dflydev/FigCookies/Cookie.php
vendor/dflydev/fig-cookies/src/Dflydev/FigCookies/Cookies.php
vendor/dflydev/fig-cookies/src/Dflydev/FigCookies/FigRequestCookies.php
vendor/dflydev/fig-cookies/src/Dflydev/FigCookies/FigResponseCookies.php
vendor/dflydev/fig-cookies/src/Dflydev/FigCookies/Modifier/SameSite.php
vendor/dflydev/fig-cookies/src/Dflydev/FigCookies/SetCookie.php
vendor/dflydev/fig-cookies/src/Dflydev/FigCookies/SetCookies.php
vendor/dflydev/fig-cookies/src/Dflydev/FigCookies/StringUtil.php
vendor/fig/http-message-util/.gitignore
vendor/fig/http-message-util/CHANGELOG.md
vendor/fig/http-message-util/LICENSE
vendor/fig/http-message-util/README.md
vendor/fig/http-message-util/composer.json
vendor/fig/http-message-util/src/RequestMethodInterface.php
vendor/fig/http-message-util/src/StatusCodeInterface.php
vendor/google/protobuf/LICENSE
vendor/google/protobuf/README.md
vendor/google/protobuf/composer.json
vendor/google/protobuf/src/GPBMetadata/Google/Protobuf/Any.php
vendor/google/protobuf/src/GPBMetadata/Google/Protobuf/Api.php
vendor/google/protobuf/src/GPBMetadata/Google/Protobuf/Duration.php
vendor/google/protobuf/src/GPBMetadata/Google/Protobuf/FieldMask.php
vendor/google/protobuf/src/GPBMetadata/Google/Protobuf/GPBEmpty.php
vendor/google/protobuf/src/GPBMetadata/Google/Protobuf/Internal/Descriptor.php
vendor/google/protobuf/src/GPBMetadata/Google/Protobuf/SourceContext.php
vendor/google/protobuf/src/GPBMetadata/Google/Protobuf/Struct.php
vendor/google/protobuf/src/GPBMetadata/Google/Protobuf/Timestamp.php
vendor/google/protobuf/src/GPBMetadata/Google/Protobuf/Type.php
vendor/google/protobuf/src/GPBMetadata/Google/Protobuf/Wrappers.php
vendor/google/protobuf/src/Google/Protobuf/Any.php
vendor/google/protobuf/src/Google/Protobuf/Api.php
vendor/google/protobuf/src/Google/Protobuf/BoolValue.php
vendor/google/protobuf/src/Google/Protobuf/BytesValue.php
vendor/google/protobuf/src/Google/Protobuf/Descriptor.php
vendor/google/protobuf/src/Google/Protobuf/DescriptorPool.php
vendor/google/protobuf/src/Google/Protobuf/DoubleValue.php
vendor/google/protobuf/src/Google/Protobuf/Duration.php
vendor/google/protobuf/src/Google/Protobuf/Enum.php
vendor/google/protobuf/src/Google/Protobuf/EnumDescriptor.php
vendor/google/protobuf/src/Google/Protobuf/EnumValue.php
vendor/google/protobuf/src/Google/Protobuf/EnumValueDescriptor.php
vendor/google/protobuf/src/Google/Protobuf/Field.php
vendor/google/protobuf/src/Google/Protobuf/Field/Cardinality.php
vendor/google/protobuf/src/Google/Protobuf/Field/Kind.php
vendor/google/protobuf/src/Google/Protobuf/FieldDescriptor.php
vendor/google/protobuf/src/Google/Protobuf/FieldMask.php
vendor/google/protobuf/src/Google/Protobuf/FloatValue.php
vendor/google/protobuf/src/Google/Protobuf/GPBEmpty.php
vendor/google/protobuf/src/Google/Protobuf/Int32Value.php
vendor/google/protobuf/src/Google/Protobuf/Int64Value.php
vendor/google/protobuf/src/Google/Protobuf/Internal/AnyBase.php
vendor/google/protobuf/src/Google/Protobuf/Internal/CodedInputStream.php
vendor/google/protobuf/src/Google/Protobuf/Internal/CodedOutputStream.php
vendor/google/protobuf/src/Google/Protobuf/Internal/Descriptor.php
vendor/google/protobuf/src/Google/Protobuf/Internal/DescriptorPool.php
vendor/google/protobuf/src/Google/Protobuf/Internal/DescriptorProto.php
vendor/google/protobuf/src/Google/Protobuf/Internal/DescriptorProto/ExtensionRange.php
vendor/google/protobuf/src/Google/Protobuf/Internal/DescriptorProto/ReservedRange.php
vendor/google/protobuf/src/Google/Protobuf/Internal/Edition.php
vendor/google/protobuf/src/Google/Protobuf/Internal/EnumBuilderContext.php
vendor/google/protobuf/src/Google/Protobuf/Internal/EnumDescriptor.php
vendor/google/protobuf/src/Google/Protobuf/Internal/EnumDescriptorProto.php
vendor/google/protobuf/src/Google/Protobuf/Internal/EnumDescriptorProto/EnumReservedRange.php
vendor/google/protobuf/src/Google/Protobuf/Internal/EnumOptions.php
vendor/google/protobuf/src/Google/Protobuf/Internal/EnumValueDescriptor.php
vendor/google/protobuf/src/Google/Protobuf/Internal/EnumValueDescriptorProto.php
vendor/google/protobuf/src/Google/Protobuf/Internal/EnumValueOptions.php
vendor/google/protobuf/src/Google/Protobuf/Internal/ExtensionRangeOptions.php
vendor/google/protobuf/src/Google/Protobuf/Internal/ExtensionRangeOptions/Declaration.php
vendor/google/protobuf/src/Google/Protobuf/Internal/ExtensionRangeOptions/VerificationState.php
vendor/google/protobuf/src/Google/Protobuf/Internal/FeatureSet.php
vendor/google/protobuf/src/Google/Protobuf/Internal/FeatureSet/EnforceNamingStyle.php
vendor/google/protobuf/src/Google/Protobuf/Internal/FeatureSet/EnumType.php
vendor/google/protobuf/src/Google/Protobuf/Internal/FeatureSet/FieldPresence.php
vendor/google/protobuf/src/Google/Protobuf/Internal/FeatureSet/JsonFormat.php
vendor/google/protobuf/src/Google/Protobuf/Internal/FeatureSet/MessageEncoding.php
vendor/google/protobuf/src/Google/Protobuf/Internal/FeatureSet/ProtoLimitsFeature.php
vendor/google/protobuf/src/Google/Protobuf/Internal/FeatureSet/ProtoLimitsFeature/EnforceProtoLimits.php
vendor/google/protobuf/src/Google/Protobuf/Internal/FeatureSet/RepeatedFieldEncoding.php
vendor/google/protobuf/src/Google/Protobuf/Internal/FeatureSet/Utf8Validation.php
vendor/google/protobuf/src/Google/Protobuf/Internal/FeatureSet/VisibilityFeature.php
vendor/google/protobuf/src/Google/Protobuf/Internal/FeatureSet/VisibilityFeature/DefaultSymbolVisibility.php
vendor/google/protobuf/src/Google/Protobuf/Internal/FeatureSetDefaults.php
vendor/google/protobuf/src/Google/Protobuf/Internal/FeatureSetDefaults/FeatureSetEditionDefault.php
vendor/google/protobuf/src/Google/Protobuf/Internal/FieldDescriptor.php
vendor/google/protobuf/src/Google/Protobuf/Internal/FieldDescriptorProto.php
vendor/google/protobuf/src/Google/Protobuf/Internal/FieldDescriptorProto/Label.php
vendor/google/protobuf/src/Google/Protobuf/Internal/FieldDescriptorProto/Type.php
vendor/google/protobuf/src/Google/Protobuf/Internal/FieldOptions.php
vendor/google/protobuf/src/Google/Protobuf/Internal/FieldOptions/CType.php
vendor/google/protobuf/src/Google/Protobuf/Internal/FieldOptions/EditionDefault.php
vendor/google/protobuf/src/Google/Protobuf/Internal/FieldOptions/FeatureSupport.php
vendor/google/protobuf/src/Google/Protobuf/Internal/FieldOptions/JSType.php
vendor/google/protobuf/src/Google/Protobuf/Internal/FieldOptions/OptionRetention.php
vendor/google/protobuf/src/Google/Protobuf/Internal/FieldOptions/OptionTargetType.php
vendor/google/protobuf/src/Google/Protobuf/Internal/FileDescriptor.php
vendor/google/protobuf/src/Google/Protobuf/Internal/FileDescriptorProto.php
vendor/google/protobuf/src/Google/Protobuf/Internal/FileDescriptorSet.php
vendor/google/protobuf/src/Google/Protobuf/Internal/FileOptions.php
vendor/google/protobuf/src/Google/Protobuf/Internal/FileOptions/OptimizeMode.php
vendor/google/protobuf/src/Google/Protobuf/Internal/GPBDecodeException.php
vendor/google/protobuf/src/Google/Protobuf/Internal/GPBJsonWire.php
vendor/google/protobuf/src/Google/Protobuf/Internal/GPBLabel.php
vendor/google/protobuf/src/Google/Protobuf/Internal/GPBType.php
vendor/google/protobuf/src/Google/Protobuf/Internal/GPBUtil.php
vendor/google/protobuf/src/Google/Protobuf/Internal/GPBWire.php
vendor/google/protobuf/src/Google/Protobuf/Internal/GPBWireType.php
vendor/google/protobuf/src/Google/Protobuf/Internal/GeneratedCodeInfo.php
vendor/google/protobuf/src/Google/Protobuf/Internal/GeneratedCodeInfo/Annotation.php
vendor/google/protobuf/src/Google/Protobuf/Internal/GeneratedCodeInfo/Annotation/Semantic.php
vendor/google/protobuf/src/Google/Protobuf/Internal/GetPublicDescriptorTrait.php
vendor/google/protobuf/src/Google/Protobuf/Internal/HasPublicDescriptorTrait.php
vendor/google/protobuf/src/Google/Protobuf/Internal/MapEntry.php
vendor/google/protobuf/src/Google/Protobuf/Internal/MapField.php
vendor/google/protobuf/src/Google/Protobuf/Internal/MapFieldIter.php
vendor/google/protobuf/src/Google/Protobuf/Internal/Message.php
vendor/google/protobuf/src/Google/Protobuf/Internal/MessageBuilderContext.php
vendor/google/protobuf/src/Google/Protobuf/Internal/MessageOptions.php
vendor/google/protobuf/src/Google/Protobuf/Internal/MethodDescriptorProto.php
vendor/google/protobuf/src/Google/Protobuf/Internal/MethodOptions.php
vendor/google/protobuf/src/Google/Protobuf/Internal/MethodOptions/IdempotencyLevel.php
vendor/google/protobuf/src/Google/Protobuf/Internal/OneofDescriptor.php
vendor/google/protobuf/src/Google/Protobuf/Internal/OneofDescriptorProto.php
vendor/google/protobuf/src/Google/Protobuf/Internal/OneofField.php
vendor/google/protobuf/src/Google/Protobuf/Internal/OneofOptions.php
vendor/google/protobuf/src/Google/Protobuf/Internal/RawInputStream.php
vendor/google/protobuf/src/Google/Protobuf/Internal/RepeatedFieldIter.php
vendor/google/protobuf/src/Google/Protobuf/Internal/ServiceDescriptorProto.php
vendor/google/protobuf/src/Google/Protobuf/Internal/ServiceOptions.php
vendor/google/protobuf/src/Google/Protobuf/Internal/SourceCodeInfo.php
vendor/google/protobuf/src/Google/Protobuf/Internal/SourceCodeInfo/Location.php
vendor/google/protobuf/src/Google/Protobuf/Internal/SymbolVisibility.php
vendor/google/protobuf/src/Google/Protobuf/Internal/TimestampBase.php
vendor/google/protobuf/src/Google/Protobuf/Internal/UninterpretedOption.php
vendor/google/protobuf/src/Google/Protobuf/Internal/UninterpretedOption/NamePart.php
vendor/google/protobuf/src/Google/Protobuf/ListValue.php
vendor/google/protobuf/src/Google/Protobuf/Method.php
vendor/google/protobuf/src/Google/Protobuf/Mixin.php
vendor/google/protobuf/src/Google/Protobuf/NullValue.php
vendor/google/protobuf/src/Google/Protobuf/OneofDescriptor.php
vendor/google/protobuf/src/Google/Protobuf/Option.php
vendor/google/protobuf/src/Google/Protobuf/PrintOptions.php
vendor/google/protobuf/src/Google/Protobuf/RepeatedField.php
vendor/google/protobuf/src/Google/Protobuf/SourceContext.php
vendor/google/protobuf/src/Google/Protobuf/StringValue.php
vendor/google/protobuf/src/Google/Protobuf/Struct.php
vendor/google/protobuf/src/Google/Protobuf/Syntax.php
vendor/google/protobuf/src/Google/Protobuf/Timestamp.php
vendor/google/protobuf/src/Google/Protobuf/Type.php
vendor/google/protobuf/src/Google/Protobuf/UInt32Value.php
vendor/google/protobuf/src/Google/Protobuf/UInt64Value.php
vendor/google/protobuf/src/Google/Protobuf/Value.php
vendor/google/protobuf/src/phpdoc.dist.xml
vendor/laminas/laminas-config-aggregator/COPYRIGHT.md
vendor/laminas/laminas-config-aggregator/LICENSE.md
vendor/laminas/laminas-config-aggregator/README.md
vendor/laminas/laminas-config-aggregator/composer.json
vendor/laminas/laminas-config-aggregator/composer.lock
vendor/laminas/laminas-config-aggregator/src/ArrayProvider.php
vendor/laminas/laminas-config-aggregator/src/ConfigAggregator.php
vendor/laminas/laminas-config-aggregator/src/ConfigCannotBeCachedException.php
vendor/laminas/laminas-config-aggregator/src/GlobTrait.php
vendor/laminas/laminas-config-aggregator/src/InvalidConfigProcessorException.php
vendor/laminas/laminas-config-aggregator/src/InvalidConfigProviderException.php
vendor/laminas/laminas-config-aggregator/src/LaminasConfigProvider.php
vendor/laminas/laminas-config-aggregator/src/PhpFileProvider.php
vendor/laminas/laminas-diactoros/COPYRIGHT.md
vendor/laminas/laminas-diactoros/LICENSE.md
vendor/laminas/laminas-diactoros/README.md
vendor/laminas/laminas-diactoros/composer.json
vendor/laminas/laminas-diactoros/src/AbstractSerializer.php
vendor/laminas/laminas-diactoros/src/CallbackStream.php
vendor/laminas/laminas-diactoros/src/ConfigProvider.php
vendor/laminas/laminas-diactoros/src/Exception/DeserializationException.php
vendor/laminas/laminas-diactoros/src/Exception/ExceptionInterface.php
vendor/laminas/laminas-diactoros/src/Exception/InvalidArgumentException.php
vendor/laminas/laminas-diactoros/src/Exception/InvalidForwardedHeaderNameException.php
vendor/laminas/laminas-diactoros/src/Exception/InvalidProxyAddressException.php
vendor/laminas/laminas-diactoros/src/Exception/InvalidStreamPointerPositionException.php
vendor/laminas/laminas-diactoros/src/Exception/RuntimeException.php
vendor/laminas/laminas-diactoros/src/Exception/SerializationException.php
vendor/laminas/laminas-diactoros/src/Exception/UnreadableStreamException.php
vendor/laminas/laminas-diactoros/src/Exception/UnrecognizedProtocolVersionException.php
vendor/laminas/laminas-diactoros/src/Exception/UnrewindableStreamException.php
vendor/laminas/laminas-diactoros/src/Exception/UnseekableStreamException.php
vendor/laminas/laminas-diactoros/src/Exception/UntellableStreamException.php
vendor/laminas/laminas-diactoros/src/Exception/UnwritableStreamException.php
vendor/laminas/laminas-diactoros/src/Exception/UploadedFileAlreadyMovedException.php
vendor/laminas/laminas-diactoros/src/Exception/UploadedFileErrorException.php
vendor/laminas/laminas-diactoros/src/HeaderSecurity.php
vendor/laminas/laminas-diactoros/src/MessageTrait.php
vendor/laminas/laminas-diactoros/src/Module.php
vendor/laminas/laminas-diactoros/src/RelativeStream.php
vendor/laminas/laminas-diactoros/src/Request.php
vendor/laminas/laminas-diactoros/src/Request/ArraySerializer.php
vendor/laminas/laminas-diactoros/src/Request/Serializer.php
vendor/laminas/laminas-diactoros/src/RequestFactory.php
vendor/laminas/laminas-diactoros/src/RequestTrait.php
vendor/laminas/laminas-diactoros/src/Response.php
vendor/laminas/laminas-diactoros/src/Response/ArraySerializer.php
vendor/laminas/laminas-diactoros/src/Response/EmptyResponse.php
vendor/laminas/laminas-diactoros/src/Response/HtmlResponse.php
vendor/laminas/laminas-diactoros/src/Response/InjectContentTypeTrait.php
vendor/laminas/laminas-diactoros/src/Response/JsonResponse.php
vendor/laminas/laminas-diactoros/src/Response/RedirectResponse.php
vendor/laminas/laminas-diactoros/src/Response/Serializer.php
vendor/laminas/laminas-diactoros/src/Response/TextResponse.php
vendor/laminas/laminas-diactoros/src/Response/XmlResponse.php
vendor/laminas/laminas-diactoros/src/ResponseFactory.php
vendor/laminas/laminas-diactoros/src/ServerRequest.php
vendor/laminas/laminas-diactoros/src/ServerRequestFactory.php
vendor/laminas/laminas-diactoros/src/ServerRequestFilter/DoNotFilter.php
vendor/laminas/laminas-diactoros/src/ServerRequestFilter/FilterServerRequestInterface.php
vendor/laminas/laminas-diactoros/src/ServerRequestFilter/FilterUsingXForwardedHeaders.php
vendor/laminas/laminas-diactoros/src/ServerRequestFilter/IPRange.php
vendor/laminas/laminas-diactoros/src/Stream.php
vendor/laminas/laminas-diactoros/src/StreamFactory.php
vendor/laminas/laminas-diactoros/src/UploadedFile.php
vendor/laminas/laminas-diactoros/src/UploadedFileFactory.php
vendor/laminas/laminas-diactoros/src/Uri.php
vendor/laminas/laminas-diactoros/src/UriFactory.php
vendor/laminas/laminas-diactoros/src/functions/create_uploaded_file.php
vendor/laminas/laminas-diactoros/src/functions/marshal_headers_from_sapi.php
vendor/laminas/laminas-diactoros/src/functions/marshal_method_from_sapi.php
vendor/laminas/laminas-diactoros/src/functions/marshal_protocol_version_from_sapi.php
vendor/laminas/laminas-diactoros/src/functions/normalize_server.php
vendor/laminas/laminas-diactoros/src/functions/normalize_uploaded_files.php
vendor/laminas/laminas-diactoros/src/functions/parse_cookie_header.php
vendor/laminas/laminas-escaper/COPYRIGHT.md
vendor/laminas/laminas-escaper/LICENSE.md
vendor/laminas/laminas-escaper/README.md
vendor/laminas/laminas-escaper/composer.json
vendor/laminas/laminas-escaper/src/Escaper.php
vendor/laminas/laminas-escaper/src/EscaperInterface.php
vendor/laminas/laminas-escaper/src/Exception/ExceptionInterface.php
vendor/laminas/laminas-escaper/src/Exception/InvalidArgumentException.php
vendor/laminas/laminas-escaper/src/Exception/RuntimeException.php
vendor/laminas/laminas-httphandlerrunner/.laminas-ci.json
vendor/laminas/laminas-httphandlerrunner/COPYRIGHT.md
vendor/laminas/laminas-httphandlerrunner/LICENSE.md
vendor/laminas/laminas-httphandlerrunner/README.md
vendor/laminas/laminas-httphandlerrunner/composer.json
vendor/laminas/laminas-httphandlerrunner/src/ConfigProvider.php
vendor/laminas/laminas-httphandlerrunner/src/Emitter/EmitterInterface.php
vendor/laminas/laminas-httphandlerrunner/src/Emitter/EmitterStack.php
vendor/laminas/laminas-httphandlerrunner/src/Emitter/SapiEmitter.php
vendor/laminas/laminas-httphandlerrunner/src/Emitter/SapiEmitterTrait.php
vendor/laminas/laminas-httphandlerrunner/src/Emitter/SapiStreamEmitter.php
vendor/laminas/laminas-httphandlerrunner/src/Exception/EmitterException.php
vendor/laminas/laminas-httphandlerrunner/src/Exception/ExceptionInterface.php
vendor/laminas/laminas-httphandlerrunner/src/Exception/InvalidEmitterException.php
vendor/laminas/laminas-httphandlerrunner/src/RequestHandlerRunner.php
vendor/laminas/laminas-httphandlerrunner/src/RequestHandlerRunnerInterface.php
vendor/laminas/laminas-servicemanager/COPYRIGHT.md
vendor/laminas/laminas-servicemanager/LICENSE.md
vendor/laminas/laminas-servicemanager/README.md
vendor/laminas/laminas-servicemanager/bin/generate-deps-for-config-factory
vendor/laminas/laminas-servicemanager/bin/generate-factory-for-class
vendor/laminas/laminas-servicemanager/composer.json
vendor/laminas/laminas-servicemanager/composer.lock
vendor/laminas/laminas-servicemanager/src/AbstractFactory/ConfigAbstractFactory.php
vendor/laminas/laminas-servicemanager/src/AbstractFactory/ReflectionBasedAbstractFactory.php
vendor/laminas/laminas-servicemanager/src/AbstractFactoryInterface.php
vendor/laminas/laminas-servicemanager/src/AbstractPluginManager.php
vendor/laminas/laminas-servicemanager/src/Config.php
vendor/laminas/laminas-servicemanager/src/ConfigInterface.php
vendor/laminas/laminas-servicemanager/src/DelegatorFactoryInterface.php
vendor/laminas/laminas-servicemanager/src/Exception/ContainerModificationsNotAllowedException.php
vendor/laminas/laminas-servicemanager/src/Exception/CyclicAliasException.php
vendor/laminas/laminas-servicemanager/src/Exception/ExceptionInterface.php
vendor/laminas/laminas-servicemanager/src/Exception/InvalidArgumentException.php
vendor/laminas/laminas-servicemanager/src/Exception/InvalidServiceException.php
vendor/laminas/laminas-servicemanager/src/Exception/ServiceNotCreatedException.php
vendor/laminas/laminas-servicemanager/src/Exception/ServiceNotFoundException.php
vendor/laminas/laminas-servicemanager/src/Factory/AbstractFactoryInterface.php
vendor/laminas/laminas-servicemanager/src/Factory/DelegatorFactoryInterface.php
vendor/laminas/laminas-servicemanager/src/Factory/FactoryInterface.php
vendor/laminas/laminas-servicemanager/src/Factory/InvokableFactory.php
vendor/laminas/laminas-servicemanager/src/FactoryInterface.php
vendor/laminas/laminas-servicemanager/src/Initializer/InitializerInterface.php
vendor/laminas/laminas-servicemanager/src/InitializerInterface.php
vendor/laminas/laminas-servicemanager/src/PluginManagerInterface.php
vendor/laminas/laminas-servicemanager/src/Proxy/LazyServiceFactory.php
vendor/laminas/laminas-servicemanager/src/ServiceLocatorInterface.php
vendor/laminas/laminas-servicemanager/src/ServiceManager.php
vendor/laminas/laminas-servicemanager/src/Test/CommonPluginManagerTrait.php
vendor/laminas/laminas-servicemanager/src/Tool/ConfigDumper.php
vendor/laminas/laminas-servicemanager/src/Tool/ConfigDumperCommand.php
vendor/laminas/laminas-servicemanager/src/Tool/FactoryCreator.php
vendor/laminas/laminas-servicemanager/src/Tool/FactoryCreatorCommand.php
vendor/laminas/laminas-servicemanager/src/autoload.php
vendor/laminas/laminas-stdlib/.laminas-ci.json
vendor/laminas/laminas-stdlib/COPYRIGHT.md
vendor/laminas/laminas-stdlib/LICENSE.md
vendor/laminas/laminas-stdlib/README.md
vendor/laminas/laminas-stdlib/composer.json
vendor/laminas/laminas-stdlib/src/AbstractOptions.php
vendor/laminas/laminas-stdlib/src/ArrayObject.php
vendor/laminas/laminas-stdlib/src/ArraySerializableInterface.php
vendor/laminas/laminas-stdlib/src/ArrayStack.php
vendor/laminas/laminas-stdlib/src/ArrayUtils.php
vendor/laminas/laminas-stdlib/src/ArrayUtils/MergeRemoveKey.php
vendor/laminas/laminas-stdlib/src/ArrayUtils/MergeReplaceKey.php
vendor/laminas/laminas-stdlib/src/ArrayUtils/MergeReplaceKeyInterface.php
vendor/laminas/laminas-stdlib/src/ConsoleHelper.php
vendor/laminas/laminas-stdlib/src/DispatchableInterface.php
vendor/laminas/laminas-stdlib/src/ErrorHandler.php
vendor/laminas/laminas-stdlib/src/Exception/BadMethodCallException.php
vendor/laminas/laminas-stdlib/src/Exception/DomainException.php
vendor/laminas/laminas-stdlib/src/Exception/ExceptionInterface.php
vendor/laminas/laminas-stdlib/src/Exception/ExtensionNotLoadedException.php
vendor/laminas/laminas-stdlib/src/Exception/InvalidArgumentException.php
vendor/laminas/laminas-stdlib/src/Exception/LogicException.php
vendor/laminas/laminas-stdlib/src/Exception/RuntimeException.php
vendor/laminas/laminas-stdlib/src/FastPriorityQueue.php
vendor/laminas/laminas-stdlib/src/Glob.php
vendor/laminas/laminas-stdlib/src/Guard/AllGuardsTrait.php
vendor/laminas/laminas-stdlib/src/Guard/ArrayOrTraversableGuardTrait.php
vendor/laminas/laminas-stdlib/src/Guard/EmptyGuardTrait.php
vendor/laminas/laminas-stdlib/src/Guard/NullGuardTrait.php
vendor/laminas/laminas-stdlib/src/InitializableInterface.php
vendor/laminas/laminas-stdlib/src/JsonSerializable.php
vendor/laminas/laminas-stdlib/src/Message.php
vendor/laminas/laminas-stdlib/src/MessageInterface.php
vendor/laminas/laminas-stdlib/src/ParameterObjectInterface.php
vendor/laminas/laminas-stdlib/src/Parameters.php
vendor/laminas/laminas-stdlib/src/ParametersInterface.php
vendor/laminas/laminas-stdlib/src/PriorityList.php
vendor/laminas/laminas-stdlib/src/PriorityQueue.php
vendor/laminas/laminas-stdlib/src/Request.php
vendor/laminas/laminas-stdlib/src/RequestInterface.php
vendor/laminas/laminas-stdlib/src/Response.php
vendor/laminas/laminas-stdlib/src/ResponseInterface.php
vendor/laminas/laminas-stdlib/src/SplPriorityQueue.php
vendor/laminas/laminas-stdlib/src/SplQueue.php
vendor/laminas/laminas-stdlib/src/SplStack.php
vendor/laminas/laminas-stdlib/src/StringUtils.php
vendor/laminas/laminas-stdlib/src/StringWrapper/AbstractStringWrapper.php
vendor/laminas/laminas-stdlib/src/StringWrapper/Iconv.php
vendor/laminas/laminas-stdlib/src/StringWrapper/Intl.php
vendor/laminas/laminas-stdlib/src/StringWrapper/MbString.php
vendor/laminas/laminas-stdlib/src/StringWrapper/Native.php
vendor/laminas/laminas-stdlib/src/StringWrapper/StringWrapperInterface.php
vendor/laminas/laminas-stratigility/COPYRIGHT.md
vendor/laminas/laminas-stratigility/LICENSE.md
vendor/laminas/laminas-stratigility/README.md
vendor/laminas/laminas-stratigility/composer.json
vendor/laminas/laminas-stratigility/src/EmptyPipelineHandler.php
vendor/laminas/laminas-stratigility/src/Exception/EmptyPipelineException.php
vendor/laminas/laminas-stratigility/src/Exception/ExceptionInterface.php
vendor/laminas/laminas-stratigility/src/Exception/MiddlewarePipeNextHandlerAlreadyCalledException.php
vendor/laminas/laminas-stratigility/src/Exception/MissingResponseException.php
vendor/laminas/laminas-stratigility/src/Exception/MissingResponsePrototypeException.php
vendor/laminas/laminas-stratigility/src/Handler/NotFoundHandler.php
vendor/laminas/laminas-stratigility/src/IterableMiddlewarePipeInterface.php
vendor/laminas/laminas-stratigility/src/Middleware/CallableMiddlewareDecorator.php
vendor/laminas/laminas-stratigility/src/Middleware/DoublePassMiddlewareDecorator.php
vendor/laminas/laminas-stratigility/src/Middleware/ErrorHandler.php
vendor/laminas/laminas-stratigility/src/Middleware/ErrorResponseGenerator.php
vendor/laminas/laminas-stratigility/src/Middleware/HostMiddlewareDecorator.php
vendor/laminas/laminas-stratigility/src/Middleware/OriginalMessages.php
vendor/laminas/laminas-stratigility/src/Middleware/PathMiddlewareDecorator.php
vendor/laminas/laminas-stratigility/src/Middleware/RequestHandlerMiddleware.php
vendor/laminas/laminas-stratigility/src/MiddlewarePipe.php
vendor/laminas/laminas-stratigility/src/MiddlewarePipeInterface.php
vendor/laminas/laminas-stratigility/src/Next.php
vendor/laminas/laminas-stratigility/src/Utils.php
vendor/laminas/laminas-stratigility/src/functions/double-pass-middleware.php
vendor/laminas/laminas-stratigility/src/functions/host.php
vendor/laminas/laminas-stratigility/src/functions/middleware.php
vendor/laminas/laminas-stratigility/src/functions/path.php
vendor/mezzio/mezzio-fastroute/COPYRIGHT.md
vendor/mezzio/mezzio-fastroute/LICENSE.md
vendor/mezzio/mezzio-fastroute/README.md
vendor/mezzio/mezzio-fastroute/composer.json
vendor/mezzio/mezzio-fastroute/src/Exception/InvalidCacheDirectoryException.php
vendor/mezzio/mezzio-fastroute/src/Exception/InvalidCacheException.php
vendor/mezzio/mezzio-fastroute/src/FastRouteRouter.php
vendor/mezzio/mezzio-fastroute/src/FastRouteRouter/ConfigProvider.php
vendor/mezzio/mezzio-fastroute/src/FastRouteRouterFactory.php
vendor/mezzio/mezzio-helpers/.laminas-ci.json
vendor/mezzio/mezzio-helpers/COPYRIGHT.md
vendor/mezzio/mezzio-helpers/LICENSE.md
vendor/mezzio/mezzio-helpers/README.md
vendor/mezzio/mezzio-helpers/composer.json
vendor/mezzio/mezzio-helpers/src/BodyParams/BodyParamsMiddleware.php
vendor/mezzio/mezzio-helpers/src/BodyParams/FormUrlEncodedStrategy.php
vendor/mezzio/mezzio-helpers/src/BodyParams/JsonStrategy.php
vendor/mezzio/mezzio-helpers/src/BodyParams/StrategyInterface.php
vendor/mezzio/mezzio-helpers/src/ConfigProvider.php
vendor/mezzio/mezzio-helpers/src/ContentLengthMiddleware.php
vendor/mezzio/mezzio-helpers/src/Exception/ExceptionInterface.php
vendor/mezzio/mezzio-helpers/src/Exception/MalformedRequestBodyException.php
vendor/mezzio/mezzio-helpers/src/Exception/MissingHelperException.php
vendor/mezzio/mezzio-helpers/src/Exception/MissingRouterException.php
vendor/mezzio/mezzio-helpers/src/Exception/RuntimeException.php
vendor/mezzio/mezzio-helpers/src/ServerUrlHelper.php
vendor/mezzio/mezzio-helpers/src/ServerUrlMiddleware.php
vendor/mezzio/mezzio-helpers/src/ServerUrlMiddlewareFactory.php
vendor/mezzio/mezzio-helpers/src/Template/RouteTemplateVariableMiddleware.php
vendor/mezzio/mezzio-helpers/src/Template/TemplateVariableContainer.php
vendor/mezzio/mezzio-helpers/src/Template/TemplateVariableContainerMiddleware.php
vendor/mezzio/mezzio-helpers/src/UrlHelper.php
vendor/mezzio/mezzio-helpers/src/UrlHelperFactory.php
vendor/mezzio/mezzio-helpers/src/UrlHelperInterface.php
vendor/mezzio/mezzio-helpers/src/UrlHelperMiddleware.php
vendor/mezzio/mezzio-helpers/src/UrlHelperMiddlewareFactory.php
vendor/mezzio/mezzio-router/.laminas-ci.json
vendor/mezzio/mezzio-router/COPYRIGHT.md
vendor/mezzio/mezzio-router/LICENSE.md
vendor/mezzio/mezzio-router/README.md
vendor/mezzio/mezzio-router/composer.json
vendor/mezzio/mezzio-router/src/ConfigProvider.php
vendor/mezzio/mezzio-router/src/DuplicateRouteDetector.php
vendor/mezzio/mezzio-router/src/Exception/DuplicateRouteException.php
vendor/mezzio/mezzio-router/src/Exception/ExceptionInterface.php
vendor/mezzio/mezzio-router/src/Exception/InvalidArgumentException.php
vendor/mezzio/mezzio-router/src/Exception/MissingDependencyException.php
vendor/mezzio/mezzio-router/src/Exception/RuntimeException.php
vendor/mezzio/mezzio-router/src/Middleware/DispatchMiddleware.php
vendor/mezzio/mezzio-router/src/Middleware/DispatchMiddlewareFactory.php
vendor/mezzio/mezzio-router/src/Middleware/ImplicitHeadMiddleware.php
vendor/mezzio/mezzio-router/src/Middleware/ImplicitHeadMiddlewareFactory.php
vendor/mezzio/mezzio-router/src/Middleware/ImplicitOptionsMiddleware.php
vendor/mezzio/mezzio-router/src/Middleware/ImplicitOptionsMiddlewareFactory.php
vendor/mezzio/mezzio-router/src/Middleware/MethodNotAllowedMiddleware.php
vendor/mezzio/mezzio-router/src/Middleware/MethodNotAllowedMiddlewareFactory.php
vendor/mezzio/mezzio-router/src/Middleware/RouteMiddleware.php
vendor/mezzio/mezzio-router/src/Middleware/RouteMiddlewareFactory.php
vendor/mezzio/mezzio-router/src/Route.php
vendor/mezzio/mezzio-router/src/RouteCollector.php
vendor/mezzio/mezzio-router/src/RouteCollectorFactory.php
vendor/mezzio/mezzio-router/src/RouteCollectorInterface.php
vendor/mezzio/mezzio-router/src/RouteResult.php
vendor/mezzio/mezzio-router/src/RouterInterface.php
vendor/mezzio/mezzio-router/src/Test/AbstractImplicitMethodsIntegrationTest.php
vendor/mezzio/mezzio-router/src/Test/FixedResponseFactory.php
vendor/mezzio/mezzio-swoole/.laminas-ci/pre-install.sh
vendor/mezzio/mezzio-swoole/COPYRIGHT.md
vendor/mezzio/mezzio-swoole/LICENSE.md
vendor/mezzio/mezzio-swoole/README.md
vendor/mezzio/mezzio-swoole/composer.json
vendor/mezzio/mezzio-swoole/phpcs.xml.dist
vendor/mezzio/mezzio-swoole/src/AbstractStaticResourceHandlerFactory.php
vendor/mezzio/mezzio-swoole/src/Command/IsRunningTrait.php
vendor/mezzio/mezzio-swoole/src/Command/ReloadCommand.php
vendor/mezzio/mezzio-swoole/src/Command/ReloadCommandFactory.php
vendor/mezzio/mezzio-swoole/src/Command/StartCommand.php
vendor/mezzio/mezzio-swoole/src/Command/StartCommandFactory.php
vendor/mezzio/mezzio-swoole/src/Command/StatusCommand.php
vendor/mezzio/mezzio-swoole/src/Command/StatusCommandFactory.php
vendor/mezzio/mezzio-swoole/src/Command/StopCommand.php
vendor/mezzio/mezzio-swoole/src/Command/StopCommandFactory.php
vendor/mezzio/mezzio-swoole/src/ConfigProvider.php
vendor/mezzio/mezzio-swoole/src/Event/AbstractServerAwareEvent.php
vendor/mezzio/mezzio-swoole/src/Event/AbstractSwooleWorkerEvent.php
vendor/mezzio/mezzio-swoole/src/Event/AbstractTaskEvent.php
vendor/mezzio/mezzio-swoole/src/Event/AfterReloadEvent.php
vendor/mezzio/mezzio-swoole/src/Event/BeforeReloadEvent.php
vendor/mezzio/mezzio-swoole/src/Event/EventDispatcher.php
vendor/mezzio/mezzio-swoole/src/Event/EventDispatcherFactory.php
vendor/mezzio/mezzio-swoole/src/Event/EventDispatcherInterface.php
vendor/mezzio/mezzio-swoole/src/Event/HotCodeReloaderWorkerStartListener.php
vendor/mezzio/mezzio-swoole/src/Event/HotCodeReloaderWorkerStartListenerFactory.php
vendor/mezzio/mezzio-swoole/src/Event/ManagerStartEvent.php
vendor/mezzio/mezzio-swoole/src/Event/ManagerStopEvent.php
vendor/mezzio/mezzio-swoole/src/Event/ProcessNameTrait.php
vendor/mezzio/mezzio-swoole/src/Event/RequestEvent.php
vendor/mezzio/mezzio-swoole/src/Event/RequestHandlerRequestListener.php
vendor/mezzio/mezzio-swoole/src/Event/RequestHandlerRequestListenerFactory.php
vendor/mezzio/mezzio-swoole/src/Event/ServerShutdownEvent.php
vendor/mezzio/mezzio-swoole/src/Event/ServerShutdownListener.php
vendor/mezzio/mezzio-swoole/src/Event/ServerShutdownListenerFactory.php
vendor/mezzio/mezzio-swoole/src/Event/ServerStartEvent.php
vendor/mezzio/mezzio-swoole/src/Event/ServerStartListener.php
vendor/mezzio/mezzio-swoole/src/Event/ServerStartListenerFactory.php
vendor/mezzio/mezzio-swoole/src/Event/StaticResourceRequestListener.php
vendor/mezzio/mezzio-swoole/src/Event/StaticResourceRequestListenerFactory.php
vendor/mezzio/mezzio-swoole/src/Event/SwooleListenerProvider.php
vendor/mezzio/mezzio-swoole/src/Event/SwooleListenerProviderFactory.php
vendor/mezzio/mezzio-swoole/src/Event/TaskEvent.php
vendor/mezzio/mezzio-swoole/src/Event/TaskFinishEvent.php
vendor/mezzio/mezzio-swoole/src/Event/WorkerErrorEvent.php
vendor/mezzio/mezzio-swoole/src/Event/WorkerStartEvent.php
vendor/mezzio/mezzio-swoole/src/Event/WorkerStartListener.php
vendor/mezzio/mezzio-swoole/src/Event/WorkerStartListenerFactory.php
vendor/mezzio/mezzio-swoole/src/Event/WorkerStopEvent.php
vendor/mezzio/mezzio-swoole/src/Exception/ExceptionInterface.php
vendor/mezzio/mezzio-swoole/src/Exception/ExtensionNotLoadedException.php
vendor/mezzio/mezzio-swoole/src/Exception/InvalidArgumentException.php
vendor/mezzio/mezzio-swoole/src/Exception/InvalidConfigException.php
vendor/mezzio/mezzio-swoole/src/Exception/InvalidListenerException.php
vendor/mezzio/mezzio-swoole/src/Exception/InvalidStaticResourceMiddlewareException.php
vendor/mezzio/mezzio-swoole/src/Exception/RuntimeException.php
vendor/mezzio/mezzio-swoole/src/HotCodeReload/FileWatcher/InotifyFileWatcher.php
vendor/mezzio/mezzio-swoole/src/HotCodeReload/FileWatcherInterface.php
vendor/mezzio/mezzio-swoole/src/HttpServerFactory.php
vendor/mezzio/mezzio-swoole/src/Log/AccessLogDataMap.php
vendor/mezzio/mezzio-swoole/src/Log/AccessLogFactory.php
vendor/mezzio/mezzio-swoole/src/Log/AccessLogFormatter.php
vendor/mezzio/mezzio-swoole/src/Log/AccessLogFormatterInterface.php
vendor/mezzio/mezzio-swoole/src/Log/AccessLogInterface.php
vendor/mezzio/mezzio-swoole/src/Log/LoggerResolvingTrait.php
vendor/mezzio/mezzio-swoole/src/Log/Psr3AccessLogDecorator.php
vendor/mezzio/mezzio-swoole/src/Log/StdoutLogger.php
vendor/mezzio/mezzio-swoole/src/Log/StrftimeToICUFormatMap.php
vendor/mezzio/mezzio-swoole/src/Log/SwooleLoggerFactory.php
vendor/mezzio/mezzio-swoole/src/PidManager.php
vendor/mezzio/mezzio-swoole/src/PidManagerFactory.php
vendor/mezzio/mezzio-swoole/src/ServerRequestSwooleFactory.php
vendor/mezzio/mezzio-swoole/src/StaticMappedResourceHandler.php
vendor/mezzio/mezzio-swoole/src/StaticMappedResourceHandlerFactory.php
vendor/mezzio/mezzio-swoole/src/StaticResourceHandler.php
vendor/mezzio/mezzio-swoole/src/StaticResourceHandler/CacheControlMiddleware.php
vendor/mezzio/mezzio-swoole/src/StaticResourceHandler/ClearStatCacheMiddleware.php
vendor/mezzio/mezzio-swoole/src/StaticResourceHandler/ContentTypeFilterMiddleware.php
vendor/mezzio/mezzio-swoole/src/StaticResourceHandler/ETagMiddleware.php
vendor/mezzio/mezzio-swoole/src/StaticResourceHandler/FileLocationRepository.php
vendor/mezzio/mezzio-swoole/src/StaticResourceHandler/FileLocationRepositoryFactory.php
vendor/mezzio/mezzio-swoole/src/StaticResourceHandler/FileLocationRepositoryInterface.php
vendor/mezzio/mezzio-swoole/src/StaticResourceHandler/GzipMiddleware.php
vendor/mezzio/mezzio-swoole/src/StaticResourceHandler/HeadMiddleware.php
vendor/mezzio/mezzio-swoole/src/StaticResourceHandler/LastModifiedMiddleware.php
vendor/mezzio/mezzio-swoole/src/StaticResourceHandler/MethodNotAllowedMiddleware.php
vendor/mezzio/mezzio-swoole/src/StaticResourceHandler/MiddlewareInterface.php
vendor/mezzio/mezzio-swoole/src/StaticResourceHandler/MiddlewareQueue.php
vendor/mezzio/mezzio-swoole/src/StaticResourceHandler/OptionsMiddleware.php
vendor/mezzio/mezzio-swoole/src/StaticResourceHandler/StaticResourceResponse.php
vendor/mezzio/mezzio-swoole/src/StaticResourceHandler/ValidateMiddlewareTrait.php
vendor/mezzio/mezzio-swoole/src/StaticResourceHandler/ValidateRegexTrait.php
vendor/mezzio/mezzio-swoole/src/StaticResourceHandlerFactory.php
vendor/mezzio/mezzio-swoole/src/StaticResourceHandlerInterface.php
vendor/mezzio/mezzio-swoole/src/SwooleEmitter.php
vendor/mezzio/mezzio-swoole/src/SwooleRequestHandlerRunner.php
vendor/mezzio/mezzio-swoole/src/SwooleRequestHandlerRunnerFactory.php
vendor/mezzio/mezzio-swoole/src/SwooleStream.php
vendor/mezzio/mezzio-swoole/src/Task/DeferredListener.php
vendor/mezzio/mezzio-swoole/src/Task/DeferredListenerDelegator.php
vendor/mezzio/mezzio-swoole/src/Task/DeferredServiceListener.php
vendor/mezzio/mezzio-swoole/src/Task/DeferredServiceListenerDelegator.php
vendor/mezzio/mezzio-swoole/src/Task/ServiceBasedTask.php
vendor/mezzio/mezzio-swoole/src/Task/Task.php
vendor/mezzio/mezzio-swoole/src/Task/TaskEventDispatchListener.php
vendor/mezzio/mezzio-swoole/src/Task/TaskEventDispatchListenerFactory.php
vendor/mezzio/mezzio-swoole/src/Task/TaskInterface.php
vendor/mezzio/mezzio-swoole/src/Task/TaskInvokerListener.php
vendor/mezzio/mezzio-swoole/src/Task/TaskInvokerListenerFactory.php
vendor/mezzio/mezzio-swoole/src/WhoopsPrettyPageHandlerDelegator.php
vendor/mezzio/mezzio-template/COPYRIGHT.md
vendor/mezzio/mezzio-template/LICENSE.md
vendor/mezzio/mezzio-template/README.md
vendor/mezzio/mezzio-template/composer.json
vendor/mezzio/mezzio-template/src/ArrayParametersTrait.php
vendor/mezzio/mezzio-template/src/DefaultParamsTrait.php
vendor/mezzio/mezzio-template/src/Exception/ExceptionInterface.php
vendor/mezzio/mezzio-template/src/Exception/InvalidArgumentException.php
vendor/mezzio/mezzio-template/src/Exception/RenderingException.php
vendor/mezzio/mezzio-template/src/TemplateRendererInterface.php
vendor/mezzio/mezzio/COPYRIGHT.md
vendor/mezzio/mezzio/LICENSE.md
vendor/mezzio/mezzio/README.md
vendor/mezzio/mezzio/bin/mezzio-tooling
vendor/mezzio/mezzio/composer.json
vendor/mezzio/mezzio/src/Application.php
vendor/mezzio/mezzio/src/ConfigProvider.php
vendor/mezzio/mezzio/src/Container/ApplicationConfigInjectionDelegator.php
vendor/mezzio/mezzio/src/Container/ApplicationFactory.php
vendor/mezzio/mezzio/src/Container/ApplicationPipelineFactory.php
vendor/mezzio/mezzio/src/Container/EmitterFactory.php
vendor/mezzio/mezzio/src/Container/ErrorHandlerFactory.php
vendor/mezzio/mezzio/src/Container/ErrorResponseGeneratorFactory.php
vendor/mezzio/mezzio/src/Container/Exception/ExceptionInterface.php
vendor/mezzio/mezzio/src/Container/Exception/InvalidServiceException.php
vendor/mezzio/mezzio/src/Container/Exception/InvalidTrustedHeaderConfigurationException.php
vendor/mezzio/mezzio/src/Container/Exception/InvalidTrustedProxyConfigurationException.php
vendor/mezzio/mezzio/src/Container/FilterUsingXForwardedHeadersFactory.php
vendor/mezzio/mezzio/src/Container/MiddlewareContainerFactory.php
vendor/mezzio/mezzio/src/Container/MiddlewareFactoryFactory.php
vendor/mezzio/mezzio/src/Container/NotFoundHandlerFactory.php
vendor/mezzio/mezzio/src/Container/Psr17ResponseFactoryTrait.php
vendor/mezzio/mezzio/src/Container/RequestHandlerRunnerFactory.php
vendor/mezzio/mezzio/src/Container/ResponseFactoryFactory.php
vendor/mezzio/mezzio/src/Container/ServerRequestErrorResponseGeneratorFactory.php
vendor/mezzio/mezzio/src/Container/ServerRequestFactoryFactory.php
vendor/mezzio/mezzio/src/Container/StreamFactoryFactory.php
vendor/mezzio/mezzio/src/Container/WhoopsErrorResponseGeneratorFactory.php
vendor/mezzio/mezzio/src/Container/WhoopsFactory.php
vendor/mezzio/mezzio/src/Container/WhoopsPageHandlerFactory.php
vendor/mezzio/mezzio/src/Exception/BadMethodCallException.php
vendor/mezzio/mezzio/src/Exception/ContainerNotRegisteredException.php
vendor/mezzio/mezzio/src/Exception/DuplicateRouteException.php
vendor/mezzio/mezzio/src/Exception/ExceptionInterface.php
vendor/mezzio/mezzio/src/Exception/InvalidArgumentException.php
vendor/mezzio/mezzio/src/Exception/InvalidMiddlewareException.php
vendor/mezzio/mezzio/src/Exception/MissingDependencyException.php
vendor/mezzio/mezzio/src/Exception/RuntimeException.php
vendor/mezzio/mezzio/src/Handler/NotFoundHandler.php
vendor/mezzio/mezzio/src/Middleware/ErrorResponseGenerator.php
vendor/mezzio/mezzio/src/Middleware/LazyLoadingMiddleware.php
vendor/mezzio/mezzio/src/Middleware/WhoopsErrorResponseGenerator.php
vendor/mezzio/mezzio/src/MiddlewareContainer.php
vendor/mezzio/mezzio/src/MiddlewareFactory.php
vendor/mezzio/mezzio/src/MiddlewareFactoryInterface.php
vendor/mezzio/mezzio/src/Response/CallableResponseFactoryDecorator.php
vendor/mezzio/mezzio/src/Response/ErrorResponseGeneratorTrait.php
vendor/mezzio/mezzio/src/Response/ServerRequestErrorResponseGenerator.php
vendor/mezzio/mezzio/src/Router/RouteCollectorDelegator.php
vendor/mezzio/mezzio/src/Router/RouteProviderInterface.php
vendor/mezzio/mezzio/src/constants.legacy.php
vendor/mezzio/mezzio/src/constants.php
vendor/nikic/fast-route/.hhconfig
vendor/nikic/fast-route/FastRoute.hhi
vendor/nikic/fast-route/LICENSE
vendor/nikic/fast-route/README.md
vendor/nikic/fast-route/composer.json
vendor/nikic/fast-route/src/BadRouteException.php
vendor/nikic/fast-route/src/DataGenerator.php
vendor/nikic/fast-route/src/DataGenerator/CharCountBased.php
vendor/nikic/fast-route/src/DataGenerator/GroupCountBased.php
vendor/nikic/fast-route/src/DataGenerator/GroupPosBased.php
vendor/nikic/fast-route/src/DataGenerator/MarkBased.php
vendor/nikic/fast-route/src/DataGenerator/RegexBasedAbstract.php
vendor/nikic/fast-route/src/Dispatcher.php
vendor/nikic/fast-route/src/Dispatcher/CharCountBased.php
vendor/nikic/fast-route/src/Dispatcher/GroupCountBased.php
vendor/nikic/fast-route/src/Dispatcher/GroupPosBased.php
vendor/nikic/fast-route/src/Dispatcher/MarkBased.php
vendor/nikic/fast-route/src/Dispatcher/RegexBasedAbstract.php
vendor/nikic/fast-route/src/Route.php
vendor/nikic/fast-route/src/RouteCollector.php
vendor/nikic/fast-route/src/RouteParser.php
vendor/nikic/fast-route/src/RouteParser/Std.php
vendor/nikic/fast-route/src/bootstrap.php
vendor/nikic/fast-route/src/functions.php
vendor/nikic/php-parser/LICENSE
vendor/nikic/php-parser/README.md
vendor/nikic/php-parser/bin/php-parse
vendor/nikic/php-parser/composer.json
vendor/nikic/php-parser/lib/PhpParser/Builder.php
vendor/nikic/php-parser/lib/PhpParser/Builder/ClassConst.php
vendor/nikic/php-parser/lib/PhpParser/Builder/Class_.php
vendor/nikic/php-parser/lib/PhpParser/Builder/Declaration.php
vendor/nikic/php-parser/lib/PhpParser/Builder/EnumCase.php
vendor/nikic/php-parser/lib/PhpParser/Builder/Enum_.php
vendor/nikic/php-parser/lib/PhpParser/Builder/FunctionLike.php
vendor/nikic/php-parser/lib/PhpParser/Builder/Function_.php
vendor/nikic/php-parser/lib/PhpParser/Builder/Interface_.php
vendor/nikic/php-parser/lib/PhpParser/Builder/Method.php
vendor/nikic/php-parser/lib/PhpParser/Builder/Namespace_.php
vendor/nikic/php-parser/lib/PhpParser/Builder/Param.php
vendor/nikic/php-parser/lib/PhpParser/Builder/Property.php
vendor/nikic/php-parser/lib/PhpParser/Builder/TraitUse.php
vendor/nikic/php-parser/lib/PhpParser/Builder/TraitUseAdaptation.php
vendor/nikic/php-parser/lib/PhpParser/Builder/Trait_.php
vendor/nikic/php-parser/lib/PhpParser/Builder/Use_.php
vendor/nikic/php-parser/lib/PhpParser/BuilderFactory.php
vendor/nikic/php-parser/lib/PhpParser/BuilderHelpers.php
vendor/nikic/php-parser/lib/PhpParser/Comment.php
vendor/nikic/php-parser/lib/PhpParser/Comment/Doc.php
vendor/nikic/php-parser/lib/PhpParser/ConstExprEvaluationException.php
vendor/nikic/php-parser/lib/PhpParser/ConstExprEvaluator.php
vendor/nikic/php-parser/lib/PhpParser/Error.php
vendor/nikic/php-parser/lib/PhpParser/ErrorHandler.php
vendor/nikic/php-parser/lib/PhpParser/ErrorHandler/Collecting.php
vendor/nikic/php-parser/lib/PhpParser/ErrorHandler/Throwing.php
vendor/nikic/php-parser/lib/PhpParser/Internal/DiffElem.php
vendor/nikic/php-parser/lib/PhpParser/Internal/Differ.php
vendor/nikic/php-parser/lib/PhpParser/Internal/PrintableNewAnonClassNode.php
vendor/nikic/php-parser/lib/PhpParser/Internal/TokenPolyfill.php
vendor/nikic/php-parser/lib/PhpParser/Internal/TokenStream.php
vendor/nikic/php-parser/lib/PhpParser/JsonDecoder.php
vendor/nikic/php-parser/lib/PhpParser/Lexer.php
vendor/nikic/php-parser/lib/PhpParser/Lexer/Emulative.php
vendor/nikic/php-parser/lib/PhpParser/Lexer/TokenEmulator/AsymmetricVisibilityTokenEmulator.php
vendor/nikic/php-parser/lib/PhpParser/Lexer/TokenEmulator/AttributeEmulator.php
vendor/nikic/php-parser/lib/PhpParser/Lexer/TokenEmulator/EnumTokenEmulator.php
vendor/nikic/php-parser/lib/PhpParser/Lexer/TokenEmulator/ExplicitOctalEmulator.php
vendor/nikic/php-parser/lib/PhpParser/Lexer/TokenEmulator/FnTokenEmulator.php
vendor/nikic/php-parser/lib/PhpParser/Lexer/TokenEmulator/KeywordEmulator.php
vendor/nikic/php-parser/lib/PhpParser/Lexer/TokenEmulator/MatchTokenEmulator.php
vendor/nikic/php-parser/lib/PhpParser/Lexer/TokenEmulator/NullsafeTokenEmulator.php
vendor/nikic/php-parser/lib/PhpParser/Lexer/TokenEmulator/PipeOperatorEmulator.php
vendor/nikic/php-parser/lib/PhpParser/Lexer/TokenEmulator/PropertyTokenEmulator.php
vendor/nikic/php-parser/lib/PhpParser/Lexer/TokenEmulator/ReadonlyFunctionTokenEmulator.php
vendor/nikic/php-parser/lib/PhpParser/Lexer/TokenEmulator/ReadonlyTokenEmulator.php
vendor/nikic/php-parser/lib/PhpParser/Lexer/TokenEmulator/ReverseEmulator.php
vendor/nikic/php-parser/lib/PhpParser/Lexer/TokenEmulator/TokenEmulator.php
vendor/nikic/php-parser/lib/PhpParser/Lexer/TokenEmulator/VoidCastEmulator.php
vendor/nikic/php-parser/lib/PhpParser/Modifiers.php
vendor/nikic/php-parser/lib/PhpParser/NameContext.php
vendor/nikic/php-parser/lib/PhpParser/Node.php
vendor/nikic/php-parser/lib/PhpParser/Node/Arg.php
vendor/nikic/php-parser/lib/PhpParser/Node/ArgPlaceholder.php
vendor/nikic/php-parser/lib/PhpParser/Node/ArrayItem.php
vendor/nikic/php-parser/lib/PhpParser/Node/Attribute.php
vendor/nikic/php-parser/lib/PhpParser/Node/AttributeGroup.php
vendor/nikic/php-parser/lib/PhpParser/Node/ClosureUse.php
vendor/nikic/php-parser/lib/PhpParser/Node/ComplexType.php
vendor/nikic/php-parser/lib/PhpParser/Node/Const_.php
vendor/nikic/php-parser/lib/PhpParser/Node/DeclareItem.php
vendor/nikic/php-parser/lib/PhpParser/Node/Expr.php
vendor/nikic/php-parser/lib/PhpParser/Node/Expr/ArrayDimFetch.php
vendor/nikic/php-parser/lib/PhpParser/Node/Expr/ArrayItem.php
vendor/nikic/php-parser/lib/PhpParser/Node/Expr/Array_.php
vendor/nikic/php-parser/lib/PhpParser/Node/Expr/ArrowFunction.php
vendor/nikic/php-parser/lib/PhpParser/Node/Expr/Assign.php
vendor/nikic/php-parser/lib/PhpParser/Node/Expr/AssignOp.php
vendor/nikic/php-parser/lib/PhpParser/Node/Expr/AssignOp/BitwiseAnd.php
vendor/nikic/php-parser/lib/PhpParser/Node/Expr/AssignOp/BitwiseOr.php
vendor/nikic/php-parser/lib/PhpParser/Node/Expr/AssignOp/BitwiseXor.php
vendor/nikic/php-parser/lib/PhpParser/Node/Expr/AssignOp/Coalesce.php
vendor/nikic/php-parser/lib/PhpParser/Node/Expr/AssignOp/Concat.php
vendor/nikic/php-parser/lib/PhpParser/Node/Expr/AssignOp/Div.php
vendor/nikic/php-parser/lib/PhpParser/Node/Expr/AssignOp/Minus.php
vendor/nikic/php-parser/lib/PhpParser/Node/Expr/AssignOp/Mod.php
vendor/nikic/php-parser/lib/PhpParser/Node/Expr/AssignOp/Mul.php
vendor/nikic/php-parser/lib/PhpParser/Node/Expr/AssignOp/Plus.php
vendor/nikic/php-parser/lib/PhpParser/Node/Expr/AssignOp/Pow.php
vendor/nikic/php-parser/lib/PhpParser/Node/Expr/AssignOp/ShiftLeft.php
vendor/nikic/php-parser/lib/PhpParser/Node/Expr/AssignOp/ShiftRight.php
vendor/nikic/php-parser/lib/PhpParser/Node/Expr/AssignRef.php
vendor/nikic/php-parser/lib/PhpParser/Node/Expr/BinaryOp.php
vendor/nikic/php-parser/lib/PhpParser/Node/Expr/BinaryOp/BitwiseAnd.php
vendor/nikic/php-parser/lib/PhpParser/Node/Expr/BinaryOp/BitwiseOr.php
vendor/nikic/php-parser/lib/PhpParser/Node/Expr/BinaryOp/BitwiseXor.php
vendor/nikic/php-parser/lib/PhpParser/Node/Expr/BinaryOp/BooleanAnd.php
vendor/nikic/php-parser/lib/PhpParser/Node/Expr/BinaryOp/BooleanOr.php
vendor/nikic/php-parser/lib/PhpParser/Node/Expr/BinaryOp/Coalesce.php
vendor/nikic/php-parser/lib/PhpParser/Node/Expr/BinaryOp/Concat.php
vendor/nikic/php-parser/lib/PhpParser/Node/Expr/BinaryOp/Div.php
vendor/nikic/php-parser/lib/PhpParser/Node/Expr/BinaryOp/Equal.php
vendor/nikic/php-parser/lib/PhpParser/Node/Expr/BinaryOp/Greater.php
vendor/nikic/php-parser/lib/PhpParser/Node/Expr/BinaryOp/GreaterOrEqual.php
vendor/nikic/php-parser/lib/PhpParser/Node/Expr/BinaryOp/Identical.php
vendor/nikic/php-parser/lib/PhpParser/Node/Expr/BinaryOp/LogicalAnd.php
vendor/nikic/php-parser/lib/PhpParser/Node/Expr/BinaryOp/LogicalOr.php
vendor/nikic/php-parser/lib/PhpParser/Node/Expr/BinaryOp/LogicalXor.php
vendor/nikic/php-parser/lib/PhpParser/Node/Expr/BinaryOp/Minus.php
vendor/nikic/php-parser/lib/PhpParser/Node/Expr/BinaryOp/Mod.php
vendor/nikic/php-parser/lib/PhpParser/Node/Expr/BinaryOp/Mul.php
vendor/nikic/php-parser/lib/PhpParser/Node/Expr/BinaryOp/NotEqual.php
vendor/nikic/php-parser/lib/PhpParser/Node/Expr/BinaryOp/NotIdentical.php
vendor/nikic/php-parser/lib/PhpParser/Node/Expr/BinaryOp/Pipe.php
vendor/nikic/php-parser/lib/PhpParser/Node/Expr/BinaryOp/Plus.php
vendor/nikic/php-parser/lib/PhpParser/Node/Expr/BinaryOp/Pow.php
vendor/nikic/php-parser/lib/PhpParser/Node/Expr/BinaryOp/ShiftLeft.php
vendor/nikic/php-parser/lib/PhpParser/Node/Expr/BinaryOp/ShiftRight.php
vendor/nikic/php-parser/lib/PhpParser/Node/Expr/BinaryOp/Smaller.php
vendor/nikic/php-parser/lib/PhpParser/Node/Expr/BinaryOp/SmallerOrEqual.php
vendor/nikic/php-parser/lib/PhpParser/Node/Expr/BinaryOp/Spaceship.php
vendor/nikic/php-parser/lib/PhpParser/Node/Expr/BitwiseNot.php
vendor/nikic/php-parser/lib/PhpParser/Node/Expr/BooleanNot.php
vendor/nikic/php-parser/lib/PhpParser/Node/Expr/CallLike.php
vendor/nikic/php-parser/lib/PhpParser/Node/Expr/Cast.php
vendor/nikic/php-parser/lib/PhpParser/Node/Expr/Cast/Array_.php
vendor/nikic/php-parser/lib/PhpParser/Node/Expr/Cast/Bool_.php
vendor/nikic/php-parser/lib/PhpParser/Node/Expr/Cast/Double.php
vendor/nikic/php-parser/lib/PhpParser/Node/Expr/Cast/Int_.php
vendor/nikic/php-parser/lib/PhpParser/Node/Expr/Cast/Object_.php
vendor/nikic/php-parser/lib/PhpParser/Node/Expr/Cast/String_.php
vendor/nikic/php-parser/lib/PhpParser/Node/Expr/Cast/Unset_.php
vendor/nikic/php-parser/lib/PhpParser/Node/Expr/Cast/Void_.php
vendor/nikic/php-parser/lib/PhpParser/Node/Expr/ClassConstFetch.php
vendor/nikic/php-parser/lib/PhpParser/Node/Expr/Clone_.php
vendor/nikic/php-parser/lib/PhpParser/Node/Expr/Closure.php
vendor/nikic/php-parser/lib/PhpParser/Node/Expr/ClosureUse.php
vendor/nikic/php-parser/lib/PhpParser/Node/Expr/ConstFetch.php
vendor/nikic/php-parser/lib/PhpParser/Node/Expr/Empty_.php
vendor/nikic/php-parser/lib/PhpParser/Node/Expr/Error.php
vendor/nikic/php-parser/lib/PhpParser/Node/Expr/ErrorSuppress.php
vendor/nikic/php-parser/lib/PhpParser/Node/Expr/Eval_.php
vendor/nikic/php-parser/lib/PhpParser/Node/Expr/Exit_.php
vendor/nikic/php-parser/lib/PhpParser/Node/Expr/FuncCall.php
vendor/nikic/php-parser/lib/PhpParser/Node/Expr/Include_.php
vendor/nikic/php-parser/lib/PhpParser/Node/Expr/Instanceof_.php
vendor/nikic/php-parser/lib/PhpParser/Node/Expr/Isset_.php
vendor/nikic/php-parser/lib/PhpParser/Node/Expr/List_.php
vendor/nikic/php-parser/lib/PhpParser/Node/Expr/Match_.php
vendor/nikic/php-parser/lib/PhpParser/Node/Expr/MethodCall.php
vendor/nikic/php-parser/lib/PhpParser/Node/Expr/New_.php
vendor/nikic/php-parser/lib/PhpParser/Node/Expr/NullsafeMethodCall.php
vendor/nikic/php-parser/lib/PhpParser/Node/Expr/NullsafePropertyFetch.php
vendor/nikic/php-parser/lib/PhpParser/Node/Expr/PostDec.php
vendor/nikic/php-parser/lib/PhpParser/Node/Expr/PostInc.php
vendor/nikic/php-parser/lib/PhpParser/Node/Expr/PreDec.php
vendor/nikic/php-parser/lib/PhpParser/Node/Expr/PreInc.php
vendor/nikic/php-parser/lib/PhpParser/Node/Expr/Print_.php
vendor/nikic/php-parser/lib/PhpParser/Node/Expr/PropertyFetch.php
vendor/nikic/php-parser/lib/PhpParser/Node/Expr/ShellExec.php
vendor/nikic/php-parser/lib/PhpParser/Node/Expr/StaticCall.php
vendor/nikic/php-parser/lib/PhpParser/Node/Expr/StaticPropertyFetch.php
vendor/nikic/php-parser/lib/PhpParser/Node/Expr/Ternary.php
vendor/nikic/php-parser/lib/PhpParser/Node/Expr/Throw_.php
vendor/nikic/php-parser/lib/PhpParser/Node/Expr/UnaryMinus.php
vendor/nikic/php-parser/lib/PhpParser/Node/Expr/UnaryPlus.php
vendor/nikic/php-parser/lib/PhpParser/Node/Expr/Variable.php
vendor/nikic/php-parser/lib/PhpParser/Node/Expr/YieldFrom.php
vendor/nikic/php-parser/lib/PhpParser/Node/Expr/Yield_.php
vendor/nikic/php-parser/lib/PhpParser/Node/FunctionLike.php
vendor/nikic/php-parser/lib/PhpParser/Node/Identifier.php
vendor/nikic/php-parser/lib/PhpParser/Node/InterpolatedStringPart.php
vendor/nikic/php-parser/lib/PhpParser/Node/IntersectionType.php
vendor/nikic/php-parser/lib/PhpParser/Node/MatchArm.php
vendor/nikic/php-parser/lib/PhpParser/Node/Name.php
vendor/nikic/php-parser/lib/PhpParser/Node/Name/FullyQualified.php
vendor/nikic/php-parser/lib/PhpParser/Node/Name/Relative.php
vendor/nikic/php-parser/lib/PhpParser/Node/NullableType.php
vendor/nikic/php-parser/lib/PhpParser/Node/Param.php
vendor/nikic/php-parser/lib/PhpParser/Node/PropertyHook.php
vendor/nikic/php-parser/lib/PhpParser/Node/PropertyItem.php
vendor/nikic/php-parser/lib/PhpParser/Node/Scalar.php
vendor/nikic/php-parser/lib/PhpParser/Node/Scalar/DNumber.php
vendor/nikic/php-parser/lib/PhpParser/Node/Scalar/Encapsed.php
vendor/nikic/php-parser/lib/PhpParser/Node/Scalar/EncapsedStringPart.php
vendor/nikic/php-parser/lib/PhpParser/Node/Scalar/Float_.php
vendor/nikic/php-parser/lib/PhpParser/Node/Scalar/Int_.php
vendor/nikic/php-parser/lib/PhpParser/Node/Scalar/InterpolatedString.php
vendor/nikic/php-parser/lib/PhpParser/Node/Scalar/LNumber.php
vendor/nikic/php-parser/lib/PhpParser/Node/Scalar/MagicConst.php
vendor/nikic/php-parser/lib/PhpParser/Node/Scalar/MagicConst/Class_.php
vendor/nikic/php-parser/lib/PhpParser/Node/Scalar/MagicConst/Dir.php
vendor/nikic/php-parser/lib/PhpParser/Node/Scalar/MagicConst/File.php
vendor/nikic/php-parser/lib/PhpParser/Node/Scalar/MagicConst/Function_.php
vendor/nikic/php-parser/lib/PhpParser/Node/Scalar/MagicConst/Line.php
vendor/nikic/php-parser/lib/PhpParser/Node/Scalar/MagicConst/Method.php
vendor/nikic/php-parser/lib/PhpParser/Node/Scalar/MagicConst/Namespace_.php
vendor/nikic/php-parser/lib/PhpParser/Node/Scalar/MagicConst/Property.php
vendor/nikic/php-parser/lib/PhpParser/Node/Scalar/MagicConst/Trait_.php
vendor/nikic/php-parser/lib/PhpParser/Node/Scalar/String_.php
vendor/nikic/php-parser/lib/PhpParser/Node/StaticVar.php
vendor/nikic/php-parser/lib/PhpParser/Node/Stmt.php
vendor/nikic/php-parser/lib/PhpParser/Node/Stmt/Block.php
vendor/nikic/php-parser/lib/PhpParser/Node/Stmt/Break_.php
vendor/nikic/php-parser/lib/PhpParser/Node/Stmt/Case_.php
vendor/nikic/php-parser/lib/PhpParser/Node/Stmt/Catch_.php
vendor/nikic/php-parser/lib/PhpParser/Node/Stmt/ClassConst.php
vendor/nikic/php-parser/lib/PhpParser/Node/Stmt/ClassLike.php
vendor/nikic/php-parser/lib/PhpParser/Node/Stmt/ClassMethod.php
vendor/nikic/php-parser/lib/PhpParser/Node/Stmt/Class_.php
vendor/nikic/php-parser/lib/PhpParser/Node/Stmt/Const_.php
vendor/nikic/php-parser/lib/PhpParser/Node/Stmt/Continue_.php
vendor/nikic/php-parser/lib/PhpParser/Node/Stmt/DeclareDeclare.php
vendor/nikic/php-parser/lib/PhpParser/Node/Stmt/Declare_.php
vendor/nikic/php-parser/lib/PhpParser/Node/Stmt/Do_.php
vendor/nikic/php-parser/lib/PhpParser/Node/Stmt/Echo_.php
vendor/nikic/php-parser/lib/PhpParser/Node/Stmt/ElseIf_.php
vendor/nikic/php-parser/lib/PhpParser/Node/Stmt/Else_.php
vendor/nikic/php-parser/lib/PhpParser/Node/Stmt/EnumCase.php
vendor/nikic/php-parser/lib/PhpParser/Node/Stmt/Enum_.php
vendor/nikic/php-parser/lib/PhpParser/Node/Stmt/Expression.php
vendor/nikic/php-parser/lib/PhpParser/Node/Stmt/Finally_.php
vendor/nikic/php-parser/lib/PhpParser/Node/Stmt/For_.php
vendor/nikic/php-parser/lib/PhpParser/Node/Stmt/Foreach_.php
vendor/nikic/php-parser/lib/PhpParser/Node/Stmt/Function_.php
vendor/nikic/php-parser/lib/PhpParser/Node/Stmt/Global_.php
vendor/nikic/php-parser/lib/PhpParser/Node/Stmt/Goto_.php
vendor/nikic/php-parser/lib/PhpParser/Node/Stmt/GroupUse.php
vendor/nikic/php-parser/lib/PhpParser/Node/Stmt/HaltCompiler.php
vendor/nikic/php-parser/lib/PhpParser/Node/Stmt/If_.php
vendor/nikic/php-parser/lib/PhpParser/Node/Stmt/InlineHTML.php
vendor/nikic/php-parser/lib/PhpParser/Node/Stmt/Interface_.php
vendor/nikic/php-parser/lib/PhpParser/Node/Stmt/Label.php
vendor/nikic/php-parser/lib/PhpParser/Node/Stmt/Namespace_.php
vendor/nikic/php-parser/lib/PhpParser/Node/Stmt/Nop.php
vendor/nikic/php-parser/lib/PhpParser/Node/Stmt/Property.php
vendor/nikic/php-parser/lib/PhpParser/Node/Stmt/PropertyProperty.php
vendor/nikic/php-parser/lib/PhpParser/Node/Stmt/Return_.php
vendor/nikic/php-parser/lib/PhpParser/Node/Stmt/StaticVar.php
vendor/nikic/php-parser/lib/PhpParser/Node/Stmt/Static_.php
vendor/nikic/php-parser/lib/PhpParser/Node/Stmt/Switch_.php
vendor/nikic/php-parser/lib/PhpParser/Node/Stmt/TraitUse.php
vendor/nikic/php-parser/lib/PhpParser/Node/Stmt/TraitUseAdaptation.php
vendor/nikic/php-parser/lib/PhpParser/Node/Stmt/TraitUseAdaptation/Alias.php
vendor/nikic/php-parser/lib/PhpParser/Node/Stmt/TraitUseAdaptation/Precedence.php
vendor/nikic/php-parser/lib/PhpParser/Node/Stmt/Trait_.php
vendor/nikic/php-parser/lib/PhpParser/Node/Stmt/TryCatch.php
vendor/nikic/php-parser/lib/PhpParser/Node/Stmt/Unset_.php
vendor/nikic/php-parser/lib/PhpParser/Node/Stmt/UseUse.php
vendor/nikic/php-parser/lib/PhpParser/Node/Stmt/Use_.php
vendor/nikic/php-parser/lib/PhpParser/Node/Stmt/While_.php
vendor/nikic/php-parser/lib/PhpParser/Node/UnionType.php
vendor/nikic/php-parser/lib/PhpParser/Node/UseItem.php
vendor/nikic/php-parser/lib/PhpParser/Node/VarLikeIdentifier.php
vendor/nikic/php-parser/lib/PhpParser/Node/VariadicPlaceholder.php
vendor/nikic/php-parser/lib/PhpParser/NodeAbstract.php
vendor/nikic/php-parser/lib/PhpParser/NodeDumper.php
vendor/nikic/php-parser/lib/PhpParser/NodeFinder.php
vendor/nikic/php-parser/lib/PhpParser/NodeTraverser.php
vendor/nikic/php-parser/lib/PhpParser/NodeTraverserInterface.php
vendor/nikic/php-parser/lib/PhpParser/NodeVisitor.php
vendor/nikic/php-parser/lib/PhpParser/NodeVisitor/CloningVisitor.php
vendor/nikic/php-parser/lib/PhpParser/NodeVisitor/CommentAnnotatingVisitor.php
vendor/nikic/php-parser/lib/PhpParser/NodeVisitor/FindingVisitor.php
vendor/nikic/php-parser/lib/PhpParser/NodeVisitor/FirstFindingVisitor.php
vendor/nikic/php-parser/lib/PhpParser/NodeVisitor/NameResolver.php
vendor/nikic/php-parser/lib/PhpParser/NodeVisitor/NodeConnectingVisitor.php
vendor/nikic/php-parser/lib/PhpParser/NodeVisitor/ParentConnectingVisitor.php
vendor/nikic/php-parser/lib/PhpParser/NodeVisitorAbstract.php
vendor/nikic/php-parser/lib/PhpParser/Parser.php
vendor/nikic/php-parser/lib/PhpParser/Parser/Php7.php
vendor/nikic/php-parser/lib/PhpParser/Parser/Php8.php
vendor/nikic/php-parser/lib/PhpParser/ParserAbstract.php
vendor/nikic/php-parser/lib/PhpParser/ParserFactory.php
vendor/nikic/php-parser/lib/PhpParser/PhpVersion.php
vendor/nikic/php-parser/lib/PhpParser/PrettyPrinter.php
vendor/nikic/php-parser/lib/PhpParser/PrettyPrinter/Standard.php
vendor/nikic/php-parser/lib/PhpParser/PrettyPrinterAbstract.php
vendor/nikic/php-parser/lib/PhpParser/Token.php
vendor/nikic/php-parser/lib/PhpParser/compatibility_tokens.php
vendor/psr/container/.gitignore
vendor/psr/container/LICENSE
vendor/psr/container/README.md
vendor/psr/container/composer.json
vendor/psr/container/src/ContainerExceptionInterface.php
vendor/psr/container/src/ContainerInterface.php
vendor/psr/container/src/NotFoundExceptionInterface.php
vendor/psr/event-dispatcher/.editorconfig
vendor/psr/event-dispatcher/.gitignore
vendor/psr/event-dispatcher/LICENSE
vendor/psr/event-dispatcher/README.md
vendor/psr/event-dispatcher/composer.json
vendor/psr/event-dispatcher/src/EventDispatcherInterface.php
vendor/psr/event-dispatcher/src/ListenerProviderInterface.php
vendor/psr/event-dispatcher/src/StoppableEventInterface.php
vendor/psr/http-factory/LICENSE
vendor/psr/http-factory/README.md
vendor/psr/http-factory/composer.json
vendor/psr/http-factory/src/RequestFactoryInterface.php
vendor/psr/http-factory/src/ResponseFactoryInterface.php
vendor/psr/http-factory/src/ServerRequestFactoryInterface.php
vendor/psr/http-factory/src/StreamFactoryInterface.php
vendor/psr/http-factory/src/UploadedFileFactoryInterface.php
vendor/psr/http-factory/src/UriFactoryInterface.php
vendor/psr/http-message/CHANGELOG.md
vendor/psr/http-message/LICENSE
vendor/psr/http-message/README.md
vendor/psr/http-message/composer.json
vendor/psr/http-message/docs/PSR7-Interfaces.md
vendor/psr/http-message/docs/PSR7-Usage.md
vendor/psr/http-message/src/MessageInterface.php
vendor/psr/http-message/src/RequestInterface.php
vendor/psr/http-message/src/ResponseInterface.php
vendor/psr/http-message/src/ServerRequestInterface.php
vendor/psr/http-message/src/StreamInterface.php
vendor/psr/http-message/src/UploadedFileInterface.php
vendor/psr/http-message/src/UriInterface.php
vendor/psr/http-server-handler/LICENSE
vendor/psr/http-server-handler/README.md
vendor/psr/http-server-handler/composer.json
vendor/psr/http-server-handler/src/RequestHandlerInterface.php
vendor/psr/http-server-middleware/LICENSE
vendor/psr/http-server-middleware/README.md
vendor/psr/http-server-middleware/composer.json
vendor/psr/http-server-middleware/src/MiddlewareInterface.php
vendor/psr/log/LICENSE
vendor/psr/log/README.md
vendor/psr/log/composer.json
vendor/psr/log/src/AbstractLogger.php
vendor/psr/log/src/InvalidArgumentException.php
vendor/psr/log/src/LogLevel.php
vendor/psr/log/src/LoggerAwareInterface.php
vendor/psr/log/src/LoggerAwareTrait.php
vendor/psr/log/src/LoggerInterface.php
vendor/psr/log/src/LoggerTrait.php
vendor/psr/log/src/NullLogger.php
vendor/roadrunner-php/roadrunner-api-dto/CHANGELOG.md
vendor/roadrunner-php/roadrunner-api-dto/LICENSE
vendor/roadrunner-php/roadrunner-api-dto/README.md
vendor/roadrunner-php/roadrunner-api-dto/composer.json
vendor/roadrunner-php/roadrunner-api-dto/generated/GPBMetadata/Dependencies/Gogoproto/Gogo.php
vendor/roadrunner-php/roadrunner-api-dto/generated/GPBMetadata/Nexusannotations/V1/Options.php
vendor/roadrunner-php/roadrunner-api-dto/generated/GPBMetadata/Temporal/Api/Activity/V1/Message.php
vendor/roadrunner-php/roadrunner-api-dto/generated/GPBMetadata/Temporal/Api/Batch/V1/Message.php
vendor/roadrunner-php/roadrunner-api-dto/generated/GPBMetadata/Temporal/Api/Callback/V1/Message.php
vendor/roadrunner-php/roadrunner-api-dto/generated/GPBMetadata/Temporal/Api/Cloud/Account/V1/Message.php
vendor/roadrunner-php/roadrunner-api-dto/generated/GPBMetadata/Temporal/Api/Cloud/Auditlog/V1/Message.php
vendor/roadrunner-php/roadrunner-api-dto/generated/GPBMetadata/Temporal/Api/Cloud/Billing/V1/Message.php
vendor/roadrunner-php/roadrunner-api-dto/generated/GPBMetadata/Temporal/Api/Cloud/Cloudservice/V1/RequestResponse.php
vendor/roadrunner-php/roadrunner-api-dto/generated/GPBMetadata/Temporal/Api/Cloud/Cloudservice/V1/Service.php
vendor/roadrunner-php/roadrunner-api-dto/generated/GPBMetadata/Temporal/Api/Cloud/Connectivityrule/V1/Message.php
vendor/roadrunner-php/roadrunner-api-dto/generated/GPBMetadata/Temporal/Api/Cloud/Identity/V1/Message.php
vendor/roadrunner-php/roadrunner-api-dto/generated/GPBMetadata/Temporal/Api/Cloud/Nexus/V1/Message.php
vendor/roadrunner-php/roadrunner-api-dto/generated/GPBMetadata/Temporal/Api/Cloud/Operation/V1/Message.php
vendor/roadrunner-php/roadrunner-api-dto/generated/GPBMetadata/Temporal/Api/Cloud/PBNamespace/V1/Message.php
vendor/roadrunner-php/roadrunner-api-dto/generated/GPBMetadata/Temporal/Api/Cloud/Project/V1/Message.php
vendor/roadrunner-php/roadrunner-api-dto/generated/GPBMetadata/Temporal/Api/Cloud/Region/V1/Message.php
vendor/roadrunner-php/roadrunner-api-dto/generated/GPBMetadata/Temporal/Api/Cloud/Resource/V1/Message.php
vendor/roadrunner-php/roadrunner-api-dto/generated/GPBMetadata/Temporal/Api/Cloud/Sink/V1/Message.php
vendor/roadrunner-php/roadrunner-api-dto/generated/GPBMetadata/Temporal/Api/Cloud/Usage/V1/Message.php
vendor/roadrunner-php/roadrunner-api-dto/generated/GPBMetadata/Temporal/Api/Command/V1/Message.php
vendor/roadrunner-php/roadrunner-api-dto/generated/GPBMetadata/Temporal/Api/Common/V1/Message.php
vendor/roadrunner-php/roadrunner-api-dto/generated/GPBMetadata/Temporal/Api/Compute/V1/Config.php
vendor/roadrunner-php/roadrunner-api-dto/generated/GPBMetadata/Temporal/Api/Compute/V1/Provider.php
vendor/roadrunner-php/roadrunner-api-dto/generated/GPBMetadata/Temporal/Api/Compute/V1/Scaler.php
vendor/roadrunner-php/roadrunner-api-dto/generated/GPBMetadata/Temporal/Api/Deployment/V1/Message.php
vendor/roadrunner-php/roadrunner-api-dto/generated/GPBMetadata/Temporal/Api/Enums/V1/Activity.php
vendor/roadrunner-php/roadrunner-api-dto/generated/GPBMetadata/Temporal/Api/Enums/V1/BatchOperation.php
vendor/roadrunner-php/roadrunner-api-dto/generated/GPBMetadata/Temporal/Api/Enums/V1/CommandType.php
vendor/roadrunner-php/roadrunner-api-dto/generated/GPBMetadata/Temporal/Api/Enums/V1/Common.php
vendor/roadrunner-php/roadrunner-api-dto/generated/GPBMetadata/Temporal/Api/Enums/V1/Deployment.php
vendor/roadrunner-php/roadrunner-api-dto/generated/GPBMetadata/Temporal/Api/Enums/V1/EventType.php
vendor/roadrunner-php/roadrunner-api-dto/generated/GPBMetadata/Temporal/Api/Enums/V1/FailedCause.php
vendor/roadrunner-php/roadrunner-api-dto/generated/GPBMetadata/Temporal/Api/Enums/V1/Nexus.php
vendor/roadrunner-php/roadrunner-api-dto/generated/GPBMetadata/Temporal/Api/Enums/V1/PBNamespace.php
vendor/roadrunner-php/roadrunner-api-dto/generated/GPBMetadata/Temporal/Api/Enums/V1/Query.php
vendor/roadrunner-php/roadrunner-api-dto/generated/GPBMetadata/Temporal/Api/Enums/V1/Reset.php
vendor/roadrunner-php/roadrunner-api-dto/generated/GPBMetadata/Temporal/Api/Enums/V1/Schedule.php
vendor/roadrunner-php/roadrunner-api-dto/generated/GPBMetadata/Temporal/Api/Enums/V1/TaskQueue.php
vendor/roadrunner-php/roadrunner-api-dto/generated/GPBMetadata/Temporal/Api/Enums/V1/TimeSkipping.php
vendor/roadrunner-php/roadrunner-api-dto/generated/GPBMetadata/Temporal/Api/Enums/V1/Update.php
vendor/roadrunner-php/roadrunner-api-dto/generated/GPBMetadata/Temporal/Api/Enums/V1/Workflow.php
vendor/roadrunner-php/roadrunner-api-dto/generated/GPBMetadata/Temporal/Api/Errordetails/V1/Message.php
vendor/roadrunner-php/roadrunner-api-dto/generated/GPBMetadata/Temporal/Api/Export/V1/Message.php
vendor/roadrunner-php/roadrunner-api-dto/generated/GPBMetadata/Temporal/Api/Failure/V1/Message.php
vendor/roadrunner-php/roadrunner-api-dto/generated/GPBMetadata/Temporal/Api/Filter/V1/Message.php
vendor/roadrunner-php/roadrunner-api-dto/generated/GPBMetadata/Temporal/Api/History/V1/Message.php
vendor/roadrunner-php/roadrunner-api-dto/generated/GPBMetadata/Temporal/Api/Nexus/V1/Message.php
vendor/roadrunner-php/roadrunner-api-dto/generated/GPBMetadata/Temporal/Api/Nexusoperation/V1/Message.php
vendor/roadrunner-php/roadrunner-api-dto/generated/GPBMetadata/Temporal/Api/Nexusservices/Workerservice/V1/RequestResponse.php
vendor/roadrunner-php/roadrunner-api-dto/generated/GPBMetadata/Temporal/Api/Notificationservice/V1/RequestResponse.php
vendor/roadrunner-php/roadrunner-api-dto/generated/GPBMetadata/Temporal/Api/Operatorservice/V1/RequestResponse.php
vendor/roadrunner-php/roadrunner-api-dto/generated/GPBMetadata/Temporal/Api/Operatorservice/V1/Service.php
vendor/roadrunner-php/roadrunner-api-dto/generated/GPBMetadata/Temporal/Api/PBNamespace/V1/Message.php
vendor/roadrunner-php/roadrunner-api-dto/generated/GPBMetadata/Temporal/Api/Protocol/V1/Message.php
vendor/roadrunner-php/roadrunner-api-dto/generated/GPBMetadata/Temporal/Api/Protometa/V1/Annotations.php
vendor/roadrunner-php/roadrunner-api-dto/generated/GPBMetadata/Temporal/Api/Query/V1/Message.php
vendor/roadrunner-php/roadrunner-api-dto/generated/GPBMetadata/Temporal/Api/Replication/V1/Message.php
vendor/roadrunner-php/roadrunner-api-dto/generated/GPBMetadata/Temporal/Api/Rules/V1/Message.php
vendor/roadrunner-php/roadrunner-api-dto/generated/GPBMetadata/Temporal/Api/Schedule/V1/Message.php
vendor/roadrunner-php/roadrunner-api-dto/generated/GPBMetadata/Temporal/Api/Sdk/V1/EnhancedStackTrace.php
vendor/roadrunner-php/roadrunner-api-dto/generated/GPBMetadata/Temporal/Api/Sdk/V1/EventGroupMarker.php
vendor/roadrunner-php/roadrunner-api-dto/generated/GPBMetadata/Temporal/Api/Sdk/V1/ExternalStorage.php
vendor/roadrunner-php/roadrunner-api-dto/generated/GPBMetadata/Temporal/Api/Sdk/V1/TaskCompleteMetadata.php
vendor/roadrunner-php/roadrunner-api-dto/generated/GPBMetadata/Temporal/Api/Sdk/V1/UserMetadata.php
vendor/roadrunner-php/roadrunner-api-dto/generated/GPBMetadata/Temporal/Api/Sdk/V1/WorkerConfig.php
vendor/roadrunner-php/roadrunner-api-dto/generated/GPBMetadata/Temporal/Api/Sdk/V1/WorkflowMetadata.php
vendor/roadrunner-php/roadrunner-api-dto/generated/GPBMetadata/Temporal/Api/Taskqueue/V1/Message.php
vendor/roadrunner-php/roadrunner-api-dto/generated/GPBMetadata/Temporal/Api/Update/V1/Message.php
vendor/roadrunner-php/roadrunner-api-dto/generated/GPBMetadata/Temporal/Api/Version/V1/Message.php
vendor/roadrunner-php/roadrunner-api-dto/generated/GPBMetadata/Temporal/Api/Worker/V1/Message.php
vendor/roadrunner-php/roadrunner-api-dto/generated/GPBMetadata/Temporal/Api/Workflow/V1/Message.php
vendor/roadrunner-php/roadrunner-api-dto/generated/GPBMetadata/Temporal/Api/Workflowservice/V1/RequestResponse.php
vendor/roadrunner-php/roadrunner-api-dto/generated/GPBMetadata/Temporal/Api/Workflowservice/V1/Service.php
vendor/roadrunner-php/roadrunner-api-dto/generated/Nexusannotations/V1/OperationOptions.php
vendor/roadrunner-php/roadrunner-api-dto/generated/Nexusannotations/V1/ServiceOptions.php
vendor/roadrunner-php/roadrunner-api-dto/generated/RoadRunner/AppLogger/DTO/V1/GPBMetadata/Applogger.php
vendor/roadrunner-php/roadrunner-api-dto/generated/RoadRunner/AppLogger/DTO/V1/LogAttrs.php
vendor/roadrunner-php/roadrunner-api-dto/generated/RoadRunner/AppLogger/DTO/V1/LogEntry.php
vendor/roadrunner-php/roadrunner-api-dto/generated/RoadRunner/AppLogger/DTO/V1/Response.php
vendor/roadrunner-php/roadrunner-api-dto/generated/RoadRunner/Centrifugal/API/DTO/V1/ApnsPushNotification.php
vendor/roadrunner-php/roadrunner-api-dto/generated/RoadRunner/Centrifugal/API/DTO/V1/BatchRequest.php
vendor/roadrunner-php/roadrunner-api-dto/generated/RoadRunner/Centrifugal/API/DTO/V1/BatchResponse.php
vendor/roadrunner-php/roadrunner-api-dto/generated/RoadRunner/Centrifugal/API/DTO/V1/BlockUserRequest.php
vendor/roadrunner-php/roadrunner-api-dto/generated/RoadRunner/Centrifugal/API/DTO/V1/BlockUserResponse.php
vendor/roadrunner-php/roadrunner-api-dto/generated/RoadRunner/Centrifugal/API/DTO/V1/BlockUserResult.php
vendor/roadrunner-php/roadrunner-api-dto/generated/RoadRunner/Centrifugal/API/DTO/V1/BoolValue.php
vendor/roadrunner-php/roadrunner-api-dto/generated/RoadRunner/Centrifugal/API/DTO/V1/BroadcastRequest.php
vendor/roadrunner-php/roadrunner-api-dto/generated/RoadRunner/Centrifugal/API/DTO/V1/BroadcastResponse.php
vendor/roadrunner-php/roadrunner-api-dto/generated/RoadRunner/Centrifugal/API/DTO/V1/BroadcastResult.php
vendor/roadrunner-php/roadrunner-api-dto/generated/RoadRunner/Centrifugal/API/DTO/V1/CancelPushRequest.php
vendor/roadrunner-php/roadrunner-api-dto/generated/RoadRunner/Centrifugal/API/DTO/V1/CancelPushResponse.php
vendor/roadrunner-php/roadrunner-api-dto/generated/RoadRunner/Centrifugal/API/DTO/V1/CancelPushResult.php
vendor/roadrunner-php/roadrunner-api-dto/generated/RoadRunner/Centrifugal/API/DTO/V1/ChannelContext.php
vendor/roadrunner-php/roadrunner-api-dto/generated/RoadRunner/Centrifugal/API/DTO/V1/ChannelInfo.php
vendor/roadrunner-php/roadrunner-api-dto/generated/RoadRunner/Centrifugal/API/DTO/V1/ChannelsRequest.php
vendor/roadrunner-php/roadrunner-api-dto/generated/RoadRunner/Centrifugal/API/DTO/V1/ChannelsResponse.php
vendor/roadrunner-php/roadrunner-api-dto/generated/RoadRunner/Centrifugal/API/DTO/V1/ChannelsResult.php
vendor/roadrunner-php/roadrunner-api-dto/generated/RoadRunner/Centrifugal/API/DTO/V1/ClientInfo.php
vendor/roadrunner-php/roadrunner-api-dto/generated/RoadRunner/Centrifugal/API/DTO/V1/Command.php
vendor/roadrunner-php/roadrunner-api-dto/generated/RoadRunner/Centrifugal/API/DTO/V1/Command/MethodType.php
vendor/roadrunner-php/roadrunner-api-dto/generated/RoadRunner/Centrifugal/API/DTO/V1/ConnectionInfo.php
vendor/roadrunner-php/roadrunner-api-dto/generated/RoadRunner/Centrifugal/API/DTO/V1/ConnectionState.php
vendor/roadrunner-php/roadrunner-api-dto/generated/RoadRunner/Centrifugal/API/DTO/V1/ConnectionTokenInfo.php
vendor/roadrunner-php/roadrunner-api-dto/generated/RoadRunner/Centrifugal/API/DTO/V1/ConnectionsRequest.php
vendor/roadrunner-php/roadrunner-api-dto/generated/RoadRunner/Centrifugal/API/DTO/V1/ConnectionsResponse.php
vendor/roadrunner-php/roadrunner-api-dto/generated/RoadRunner/Centrifugal/API/DTO/V1/ConnectionsResult.php
vendor/roadrunner-php/roadrunner-api-dto/generated/RoadRunner/Centrifugal/API/DTO/V1/DeleteUserStatusRequest.php
vendor/roadrunner-php/roadrunner-api-dto/generated/RoadRunner/Centrifugal/API/DTO/V1/DeleteUserStatusResponse.php
vendor/roadrunner-php/roadrunner-api-dto/generated/RoadRunner/Centrifugal/API/DTO/V1/DeleteUserStatusResult.php
vendor/roadrunner-php/roadrunner-api-dto/generated/RoadRunner/Centrifugal/API/DTO/V1/Device.php
vendor/roadrunner-php/roadrunner-api-dto/generated/RoadRunner/Centrifugal/API/DTO/V1/DeviceFilter.php
vendor/roadrunner-php/roadrunner-api-dto/generated/RoadRunner/Centrifugal/API/DTO/V1/DeviceListRequest.php
vendor/roadrunner-php/roadrunner-api-dto/generated/RoadRunner/Centrifugal/API/DTO/V1/DeviceListResponse.php
vendor/roadrunner-php/roadrunner-api-dto/generated/RoadRunner/Centrifugal/API/DTO/V1/DeviceListResult.php
vendor/roadrunner-php/roadrunner-api-dto/generated/RoadRunner/Centrifugal/API/DTO/V1/DeviceMetaUpdate.php
vendor/roadrunner-php/roadrunner-api-dto/generated/RoadRunner/Centrifugal/API/DTO/V1/DeviceRegisterRequest.php
vendor/roadrunner-php/roadrunner-api-dto/generated/RoadRunner/Centrifugal/API/DTO/V1/DeviceRegisterResponse.php
vendor/roadrunner-php/roadrunner-api-dto/generated/RoadRunner/Centrifugal/API/DTO/V1/DeviceRegisterResult.php
vendor/roadrunner-php/roadrunner-api-dto/generated/RoadRunner/Centrifugal/API/DTO/V1/DeviceRemoveRequest.php
vendor/roadrunner-php/roadrunner-api-dto/generated/RoadRunner/Centrifugal/API/DTO/V1/DeviceRemoveResponse.php
vendor/roadrunner-php/roadrunner-api-dto/generated/RoadRunner/Centrifugal/API/DTO/V1/DeviceRemoveResult.php
vendor/roadrunner-php/roadrunner-api-dto/generated/RoadRunner/Centrifugal/API/DTO/V1/DeviceTopic.php
vendor/roadrunner-php/roadrunner-api-dto/generated/RoadRunner/Centrifugal/API/DTO/V1/DeviceTopicFilter.php
vendor/roadrunner-php/roadrunner-api-dto/generated/RoadRunner/Centrifugal/API/DTO/V1/DeviceTopicListRequest.php
vendor/roadrunner-php/roadrunner-api-dto/generated/RoadRunner/Centrifugal/API/DTO/V1/DeviceTopicListResponse.php
vendor/roadrunner-php/roadrunner-api-dto/generated/RoadRunner/Centrifugal/API/DTO/V1/DeviceTopicListResult.php
vendor/roadrunner-php/roadrunner-api-dto/generated/RoadRunner/Centrifugal/API/DTO/V1/DeviceTopicUpdateRequest.php
vendor/roadrunner-php/roadrunner-api-dto/generated/RoadRunner/Centrifugal/API/DTO/V1/DeviceTopicUpdateResponse.php
vendor/roadrunner-php/roadrunner-api-dto/generated/RoadRunner/Centrifugal/API/DTO/V1/DeviceTopicUpdateResult.php
vendor/roadrunner-php/roadrunner-api-dto/generated/RoadRunner/Centrifugal/API/DTO/V1/DeviceTopicsUpdate.php
vendor/roadrunner-php/roadrunner-api-dto/generated/RoadRunner/Centrifugal/API/DTO/V1/DeviceUpdateRequest.php
vendor/roadrunner-php/roadrunner-api-dto/generated/RoadRunner/Centrifugal/API/DTO/V1/DeviceUpdateResponse.php
vendor/roadrunner-php/roadrunner-api-dto/generated/RoadRunner/Centrifugal/API/DTO/V1/DeviceUpdateResult.php
vendor/roadrunner-php/roadrunner-api-dto/generated/RoadRunner/Centrifugal/API/DTO/V1/DeviceUserUpdate.php
vendor/roadrunner-php/roadrunner-api-dto/generated/RoadRunner/Centrifugal/API/DTO/V1/Disconnect.php
vendor/roadrunner-php/roadrunner-api-dto/generated/RoadRunner/Centrifugal/API/DTO/V1/DisconnectRequest.php
vendor/roadrunner-php/roadrunner-api-dto/generated/RoadRunner/Centrifugal/API/DTO/V1/DisconnectResponse.php
vendor/roadrunner-php/roadrunner-api-dto/generated/RoadRunner/Centrifugal/API/DTO/V1/DisconnectResult.php
vendor/roadrunner-php/roadrunner-api-dto/generated/RoadRunner/Centrifugal/API/DTO/V1/Error.php
vendor/roadrunner-php/roadrunner-api-dto/generated/RoadRunner/Centrifugal/API/DTO/V1/FcmPushNotification.php
vendor/roadrunner-php/roadrunner-api-dto/generated/RoadRunner/Centrifugal/API/DTO/V1/GPBMetadata/Api.php
vendor/roadrunner-php/roadrunner-api-dto/generated/RoadRunner/Centrifugal/API/DTO/V1/GetUserStatusRequest.php
vendor/roadrunner-php/roadrunner-api-dto/generated/RoadRunner/Centrifugal/API/DTO/V1/GetUserStatusResponse.php
vendor/roadrunner-php/roadrunner-api-dto/generated/RoadRunner/Centrifugal/API/DTO/V1/GetUserStatusResult.php
vendor/roadrunner-php/roadrunner-api-dto/generated/RoadRunner/Centrifugal/API/DTO/V1/HistoryRemoveRequest.php
vendor/roadrunner-php/roadrunner-api-dto/generated/RoadRunner/Centrifugal/API/DTO/V1/HistoryRemoveResponse.php
vendor/roadrunner-php/roadrunner-api-dto/generated/RoadRunner/Centrifugal/API/DTO/V1/HistoryRemoveResult.php
vendor/roadrunner-php/roadrunner-api-dto/generated/RoadRunner/Centrifugal/API/DTO/V1/HistoryRequest.php
vendor/roadrunner-php/roadrunner-api-dto/generated/RoadRunner/Centrifugal/API/DTO/V1/HistoryResponse.php
vendor/roadrunner-php/roadrunner-api-dto/generated/RoadRunner/Centrifugal/API/DTO/V1/HistoryResult.php
vendor/roadrunner-php/roadrunner-api-dto/generated/RoadRunner/Centrifugal/API/DTO/V1/HmsPushNotification.php
vendor/roadrunner-php/roadrunner-api-dto/generated/RoadRunner/Centrifugal/API/DTO/V1/InfoRequest.php
vendor/roadrunner-php/roadrunner-api-dto/generated/RoadRunner/Centrifugal/API/DTO/V1/InfoResponse.php
vendor/roadrunner-php/roadrunner-api-dto/generated/RoadRunner/Centrifugal/API/DTO/V1/InfoResult.php
vendor/roadrunner-php/roadrunner-api-dto/generated/RoadRunner/Centrifugal/API/DTO/V1/Int32Value.php
vendor/roadrunner-php/roadrunner-api-dto/generated/RoadRunner/Centrifugal/API/DTO/V1/InvalidateUserTokensRequest.php
vendor/roadrunner-php/roadrunner-api-dto/generated/RoadRunner/Centrifugal/API/DTO/V1/InvalidateUserTokensResponse.php
vendor/roadrunner-php/roadrunner-api-dto/generated/RoadRunner/Centrifugal/API/DTO/V1/InvalidateUserTokensResult.php
vendor/roadrunner-php/roadrunner-api-dto/generated/RoadRunner/Centrifugal/API/DTO/V1/Metrics.php
vendor/roadrunner-php/roadrunner-api-dto/generated/RoadRunner/Centrifugal/API/DTO/V1/NodeResult.php
vendor/roadrunner-php/roadrunner-api-dto/generated/RoadRunner/Centrifugal/API/DTO/V1/PresenceRequest.php
vendor/roadrunner-php/roadrunner-api-dto/generated/RoadRunner/Centrifugal/API/DTO/V1/PresenceResponse.php
vendor/roadrunner-php/roadrunner-api-dto/generated/RoadRunner/Centrifugal/API/DTO/V1/PresenceResult.php
vendor/roadrunner-php/roadrunner-api-dto/generated/RoadRunner/Centrifugal/API/DTO/V1/PresenceStatsRequest.php
vendor/roadrunner-php/roadrunner-api-dto/generated/RoadRunner/Centrifugal/API/DTO/V1/PresenceStatsResponse.php
vendor/roadrunner-php/roadrunner-api-dto/generated/RoadRunner/Centrifugal/API/DTO/V1/PresenceStatsResult.php
vendor/roadrunner-php/roadrunner-api-dto/generated/RoadRunner/Centrifugal/API/DTO/V1/Process.php
vendor/roadrunner-php/roadrunner-api-dto/generated/RoadRunner/Centrifugal/API/DTO/V1/Publication.php
vendor/roadrunner-php/roadrunner-api-dto/generated/RoadRunner/Centrifugal/API/DTO/V1/PublishRequest.php
vendor/roadrunner-php/roadrunner-api-dto/generated/RoadRunner/Centrifugal/API/DTO/V1/PublishResponse.php
vendor/roadrunner-php/roadrunner-api-dto/generated/RoadRunner/Centrifugal/API/DTO/V1/PublishResult.php
vendor/roadrunner-php/roadrunner-api-dto/generated/RoadRunner/Centrifugal/API/DTO/V1/PushNotification.php
vendor/roadrunner-php/roadrunner-api-dto/generated/RoadRunner/Centrifugal/API/DTO/V1/PushRecipient.php
vendor/roadrunner-php/roadrunner-api-dto/generated/RoadRunner/Centrifugal/API/DTO/V1/RPCRequest.php
vendor/roadrunner-php/roadrunner-api-dto/generated/RoadRunner/Centrifugal/API/DTO/V1/RPCResponse.php
vendor/roadrunner-php/roadrunner-api-dto/generated/RoadRunner/Centrifugal/API/DTO/V1/RPCResult.php
vendor/roadrunner-php/roadrunner-api-dto/generated/RoadRunner/Centrifugal/API/DTO/V1/RateLimitRequest.php
vendor/roadrunner-php/roadrunner-api-dto/generated/RoadRunner/Centrifugal/API/DTO/V1/RateLimitResponse.php
vendor/roadrunner-php/roadrunner-api-dto/generated/RoadRunner/Centrifugal/API/DTO/V1/RateLimitResult.php
vendor/roadrunner-php/roadrunner-api-dto/generated/RoadRunner/Centrifugal/API/DTO/V1/RefreshRequest.php
vendor/roadrunner-php/roadrunner-api-dto/generated/RoadRunner/Centrifugal/API/DTO/V1/RefreshResponse.php
vendor/roadrunner-php/roadrunner-api-dto/generated/RoadRunner/Centrifugal/API/DTO/V1/RefreshResult.php
vendor/roadrunner-php/roadrunner-api-dto/generated/RoadRunner/Centrifugal/API/DTO/V1/Reply.php
vendor/roadrunner-php/roadrunner-api-dto/generated/RoadRunner/Centrifugal/API/DTO/V1/RevokeTokenRequest.php
vendor/roadrunner-php/roadrunner-api-dto/generated/RoadRunner/Centrifugal/API/DTO/V1/RevokeTokenResponse.php
vendor/roadrunner-php/roadrunner-api-dto/generated/RoadRunner/Centrifugal/API/DTO/V1/RevokeTokenResult.php
vendor/roadrunner-php/roadrunner-api-dto/generated/RoadRunner/Centrifugal/API/DTO/V1/SendPushNotificationRequest.php
vendor/roadrunner-php/roadrunner-api-dto/generated/RoadRunner/Centrifugal/API/DTO/V1/SendPushNotificationResponse.php
vendor/roadrunner-php/roadrunner-api-dto/generated/RoadRunner/Centrifugal/API/DTO/V1/SendPushNotificationResult.php
vendor/roadrunner-php/roadrunner-api-dto/generated/RoadRunner/Centrifugal/API/DTO/V1/StreamPosition.php
vendor/roadrunner-php/roadrunner-api-dto/generated/RoadRunner/Centrifugal/API/DTO/V1/SubscribeOptionOverride.php
vendor/roadrunner-php/roadrunner-api-dto/generated/RoadRunner/Centrifugal/API/DTO/V1/SubscribeRequest.php
vendor/roadrunner-php/roadrunner-api-dto/generated/RoadRunner/Centrifugal/API/DTO/V1/SubscribeResponse.php
vendor/roadrunner-php/roadrunner-api-dto/generated/RoadRunner/Centrifugal/API/DTO/V1/SubscribeResult.php
vendor/roadrunner-php/roadrunner-api-dto/generated/RoadRunner/Centrifugal/API/DTO/V1/SubscriptionTokenInfo.php
vendor/roadrunner-php/roadrunner-api-dto/generated/RoadRunner/Centrifugal/API/DTO/V1/UnblockUserRequest.php
vendor/roadrunner-php/roadrunner-api-dto/generated/RoadRunner/Centrifugal/API/DTO/V1/UnblockUserResponse.php
vendor/roadrunner-php/roadrunner-api-dto/generated/RoadRunner/Centrifugal/API/DTO/V1/UnblockUserResult.php
vendor/roadrunner-php/roadrunner-api-dto/generated/RoadRunner/Centrifugal/API/DTO/V1/UnsubscribeRequest.php
vendor/roadrunner-php/roadrunner-api-dto/generated/RoadRunner/Centrifugal/API/DTO/V1/UnsubscribeResponse.php
vendor/roadrunner-php/roadrunner-api-dto/generated/RoadRunner/Centrifugal/API/DTO/V1/UnsubscribeResult.php
vendor/roadrunner-php/roadrunner-api-dto/generated/RoadRunner/Centrifugal/API/DTO/V1/UpdatePushStatusRequest.php
vendor/roadrunner-php/roadrunner-api-dto/generated/RoadRunner/Centrifugal/API/DTO/V1/UpdatePushStatusResponse.php
vendor/roadrunner-php/roadrunner-api-dto/generated/RoadRunner/Centrifugal/API/DTO/V1/UpdatePushStatusResult.php
vendor/roadrunner-php/roadrunner-api-dto/generated/RoadRunner/Centrifugal/API/DTO/V1/UpdateUserStatusRequest.php
vendor/roadrunner-php/roadrunner-api-dto/generated/RoadRunner/Centrifugal/API/DTO/V1/UpdateUserStatusResponse.php
vendor/roadrunner-php/roadrunner-api-dto/generated/RoadRunner/Centrifugal/API/DTO/V1/UpdateUserStatusResult.php
vendor/roadrunner-php/roadrunner-api-dto/generated/RoadRunner/Centrifugal/API/DTO/V1/UserStatus.php
vendor/roadrunner-php/roadrunner-api-dto/generated/RoadRunner/Centrifugal/API/DTO/V1/UserTopic.php
vendor/roadrunner-php/roadrunner-api-dto/generated/RoadRunner/Centrifugal/API/DTO/V1/UserTopicFilter.php
vendor/roadrunner-php/roadrunner-api-dto/generated/RoadRunner/Centrifugal/API/DTO/V1/UserTopicListRequest.php
vendor/roadrunner-php/roadrunner-api-dto/generated/RoadRunner/Centrifugal/API/DTO/V1/UserTopicListResponse.php
vendor/roadrunner-php/roadrunner-api-dto/generated/RoadRunner/Centrifugal/API/DTO/V1/UserTopicListResult.php
vendor/roadrunner-php/roadrunner-api-dto/generated/RoadRunner/Centrifugal/API/DTO/V1/UserTopicUpdateRequest.php
vendor/roadrunner-php/roadrunner-api-dto/generated/RoadRunner/Centrifugal/API/DTO/V1/UserTopicUpdateResponse.php
vendor/roadrunner-php/roadrunner-api-dto/generated/RoadRunner/Centrifugal/API/DTO/V1/UserTopicUpdateResult.php
vendor/roadrunner-php/roadrunner-api-dto/generated/RoadRunner/Centrifugal/Proxy/DTO/V1/BoolValue.php
vendor/roadrunner-php/roadrunner-api-dto/generated/RoadRunner/Centrifugal/Proxy/DTO/V1/ChannelEvent.php
vendor/roadrunner-php/roadrunner-api-dto/generated/RoadRunner/Centrifugal/Proxy/DTO/V1/ChannelsCapability.php
vendor/roadrunner-php/roadrunner-api-dto/generated/RoadRunner/Centrifugal/Proxy/DTO/V1/ConnectRequest.php
vendor/roadrunner-php/roadrunner-api-dto/generated/RoadRunner/Centrifugal/Proxy/DTO/V1/ConnectResponse.php
vendor/roadrunner-php/roadrunner-api-dto/generated/RoadRunner/Centrifugal/Proxy/DTO/V1/ConnectResult.php
vendor/roadrunner-php/roadrunner-api-dto/generated/RoadRunner/Centrifugal/Proxy/DTO/V1/Disconnect.php
vendor/roadrunner-php/roadrunner-api-dto/generated/RoadRunner/Centrifugal/Proxy/DTO/V1/Error.php
vendor/roadrunner-php/roadrunner-api-dto/generated/RoadRunner/Centrifugal/Proxy/DTO/V1/GPBMetadata/Proxy.php
vendor/roadrunner-php/roadrunner-api-dto/generated/RoadRunner/Centrifugal/Proxy/DTO/V1/Int32Value.php
vendor/roadrunner-php/roadrunner-api-dto/generated/RoadRunner/Centrifugal/Proxy/DTO/V1/NotifyChannelStateRequest.php
vendor/roadrunner-php/roadrunner-api-dto/generated/RoadRunner/Centrifugal/Proxy/DTO/V1/NotifyChannelStateResponse.php
vendor/roadrunner-php/roadrunner-api-dto/generated/RoadRunner/Centrifugal/Proxy/DTO/V1/NotifyChannelStateResult.php
vendor/roadrunner-php/roadrunner-api-dto/generated/RoadRunner/Centrifugal/Proxy/DTO/V1/Publication.php
vendor/roadrunner-php/roadrunner-api-dto/generated/RoadRunner/Centrifugal/Proxy/DTO/V1/PublishRequest.php
vendor/roadrunner-php/roadrunner-api-dto/generated/RoadRunner/Centrifugal/Proxy/DTO/V1/PublishResponse.php
vendor/roadrunner-php/roadrunner-api-dto/generated/RoadRunner/Centrifugal/Proxy/DTO/V1/PublishResult.php
vendor/roadrunner-php/roadrunner-api-dto/generated/RoadRunner/Centrifugal/Proxy/DTO/V1/RPCRequest.php
vendor/roadrunner-php/roadrunner-api-dto/generated/RoadRunner/Centrifugal/Proxy/DTO/V1/RPCResponse.php
vendor/roadrunner-php/roadrunner-api-dto/generated/RoadRunner/Centrifugal/Proxy/DTO/V1/RPCResult.php
vendor/roadrunner-php/roadrunner-api-dto/generated/RoadRunner/Centrifugal/Proxy/DTO/V1/RefreshRequest.php
vendor/roadrunner-php/roadrunner-api-dto/generated/RoadRunner/Centrifugal/Proxy/DTO/V1/RefreshResponse.php
vendor/roadrunner-php/roadrunner-api-dto/generated/RoadRunner/Centrifugal/Proxy/DTO/V1/RefreshResult.php
vendor/roadrunner-php/roadrunner-api-dto/generated/RoadRunner/Centrifugal/Proxy/DTO/V1/StreamSubscribeRequest.php
vendor/roadrunner-php/roadrunner-api-dto/generated/RoadRunner/Centrifugal/Proxy/DTO/V1/StreamSubscribeResponse.php
vendor/roadrunner-php/roadrunner-api-dto/generated/RoadRunner/Centrifugal/Proxy/DTO/V1/SubRefreshRequest.php
vendor/roadrunner-php/roadrunner-api-dto/generated/RoadRunner/Centrifugal/Proxy/DTO/V1/SubRefreshResponse.php
vendor/roadrunner-php/roadrunner-api-dto/generated/RoadRunner/Centrifugal/Proxy/DTO/V1/SubRefreshResult.php
vendor/roadrunner-php/roadrunner-api-dto/generated/RoadRunner/Centrifugal/Proxy/DTO/V1/SubscribeOptionOverride.php
vendor/roadrunner-php/roadrunner-api-dto/generated/RoadRunner/Centrifugal/Proxy/DTO/V1/SubscribeOptions.php
vendor/roadrunner-php/roadrunner-api-dto/generated/RoadRunner/Centrifugal/Proxy/DTO/V1/SubscribeRequest.php
vendor/roadrunner-php/roadrunner-api-dto/generated/RoadRunner/Centrifugal/Proxy/DTO/V1/SubscribeResponse.php
vendor/roadrunner-php/roadrunner-api-dto/generated/RoadRunner/Centrifugal/Proxy/DTO/V1/SubscribeResult.php
vendor/roadrunner-php/roadrunner-api-dto/generated/RoadRunner/Common/DTO/V1/GPBMetadata/GrpcStatus.php
vendor/roadrunner-php/roadrunner-api-dto/generated/RoadRunner/Common/DTO/V1/Status.php
vendor/roadrunner-php/roadrunner-api-dto/generated/RoadRunner/HTTP/DTO/V1/GPBMetadata/Http.php
vendor/roadrunner-php/roadrunner-api-dto/generated/RoadRunner/HTTP/DTO/V1/Header.php
vendor/roadrunner-php/roadrunner-api-dto/generated/RoadRunner/HTTP/DTO/V1/HeaderValue.php
vendor/roadrunner-php/roadrunner-api-dto/generated/RoadRunner/HTTP/DTO/V1/Request.php
vendor/roadrunner-php/roadrunner-api-dto/generated/RoadRunner/HTTP/DTO/V1/Response.php
vendor/roadrunner-php/roadrunner-api-dto/generated/RoadRunner/Jobs/DTO/V1/DeclareRequest.php
vendor/roadrunner-php/roadrunner-api-dto/generated/RoadRunner/Jobs/DTO/V1/GPBMetadata/Jobs.php
vendor/roadrunner-php/roadrunner-api-dto/generated/RoadRunner/Jobs/DTO/V1/HeaderValue.php
vendor/roadrunner-php/roadrunner-api-dto/generated/RoadRunner/Jobs/DTO/V1/Job.php
vendor/roadrunner-php/roadrunner-api-dto/generated/RoadRunner/Jobs/DTO/V1/Options.php
vendor/roadrunner-php/roadrunner-api-dto/generated/RoadRunner/Jobs/DTO/V1/PBEmpty.php
vendor/roadrunner-php/roadrunner-api-dto/generated/RoadRunner/Jobs/DTO/V1/Pipelines.php
vendor/roadrunner-php/roadrunner-api-dto/generated/RoadRunner/Jobs/DTO/V1/PushBatchRequest.php
vendor/roadrunner-php/roadrunner-api-dto/generated/RoadRunner/Jobs/DTO/V1/PushRequest.php
vendor/roadrunner-php/roadrunner-api-dto/generated/RoadRunner/Jobs/DTO/V1/Stat.php
vendor/roadrunner-php/roadrunner-api-dto/generated/RoadRunner/Jobs/DTO/V1/Stats.php
vendor/roadrunner-php/roadrunner-api-dto/generated/RoadRunner/KV/DTO/V1/GPBMetadata/Kv.php
vendor/roadrunner-php/roadrunner-api-dto/generated/RoadRunner/KV/DTO/V1/Item.php
vendor/roadrunner-php/roadrunner-api-dto/generated/RoadRunner/KV/DTO/V1/Request.php
vendor/roadrunner-php/roadrunner-api-dto/generated/RoadRunner/KV/DTO/V1/Response.php
vendor/roadrunner-php/roadrunner-api-dto/generated/RoadRunner/Lock/DTO/V1BETA1/GPBMetadata/Lock.php
vendor/roadrunner-php/roadrunner-api-dto/generated/RoadRunner/Lock/DTO/V1BETA1/Request.php
vendor/roadrunner-php/roadrunner-api-dto/generated/RoadRunner/Lock/DTO/V1BETA1/Response.php
vendor/roadrunner-php/roadrunner-api-dto/generated/RoadRunner/Service/DTO/V1/Create.php
vendor/roadrunner-php/roadrunner-api-dto/generated/RoadRunner/Service/DTO/V1/GPBMetadata/Service.php
vendor/roadrunner-php/roadrunner-api-dto/generated/RoadRunner/Service/DTO/V1/PBList.php
vendor/roadrunner-php/roadrunner-api-dto/generated/RoadRunner/Service/DTO/V1/Response.php
vendor/roadrunner-php/roadrunner-api-dto/generated/RoadRunner/Service/DTO/V1/Service.php
vendor/roadrunner-php/roadrunner-api-dto/generated/RoadRunner/Service/DTO/V1/Status.php
vendor/roadrunner-php/roadrunner-api-dto/generated/RoadRunner/Service/DTO/V1/Statuses.php
vendor/roadrunner-php/roadrunner-api-dto/generated/RoadRunner/Status/DTO/V1/GPBMetadata/Status.php
vendor/roadrunner-php/roadrunner-api-dto/generated/RoadRunner/Status/DTO/V1/Request.php
vendor/roadrunner-php/roadrunner-api-dto/generated/RoadRunner/Status/DTO/V1/Response.php
vendor/roadrunner-php/roadrunner-api-dto/generated/RoadRunner/Status/DTO/V1BETA1/GPBMetadata/Status.php
vendor/roadrunner-php/roadrunner-api-dto/generated/RoadRunner/Status/DTO/V1BETA1/Request.php
vendor/roadrunner-php/roadrunner-api-dto/generated/RoadRunner/Status/DTO/V1BETA1/Response.php
vendor/roadrunner-php/roadrunner-api-dto/generated/RoadRunner/Temporal/DTO/V1/Frame.php
vendor/roadrunner-php/roadrunner-api-dto/generated/RoadRunner/Temporal/DTO/V1/GPBMetadata/Temporal.php
vendor/roadrunner-php/roadrunner-api-dto/generated/RoadRunner/Temporal/DTO/V1/History.php
vendor/roadrunner-php/roadrunner-api-dto/generated/RoadRunner/Temporal/DTO/V1/Message.php
vendor/roadrunner-php/roadrunner-api-dto/generated/RoadRunner/Temporal/DTO/V1/ReplayRequest.php
vendor/roadrunner-php/roadrunner-api-dto/generated/RoadRunner/Temporal/DTO/V1/ReplayResponse.php
vendor/roadrunner-php/roadrunner-api-dto/generated/RoadRunner/Websockets/DTO/V1/GPBMetadata/Websockets.php
vendor/roadrunner-php/roadrunner-api-dto/generated/RoadRunner/Websockets/DTO/V1/Message.php
vendor/roadrunner-php/roadrunner-api-dto/generated/RoadRunner/Websockets/DTO/V1/Request.php
vendor/roadrunner-php/roadrunner-api-dto/generated/RoadRunner/Websockets/DTO/V1/Response.php
vendor/roadrunner-php/roadrunner-api-dto/generated/Temporal/Api/Activity/V1/ActivityExecutionInfo.php
vendor/roadrunner-php/roadrunner-api-dto/generated/Temporal/Api/Activity/V1/ActivityExecutionListInfo.php
vendor/roadrunner-php/roadrunner-api-dto/generated/Temporal/Api/Activity/V1/ActivityExecutionOutcome.php
vendor/roadrunner-php/roadrunner-api-dto/generated/Temporal/Api/Activity/V1/ActivityOptions.php
vendor/roadrunner-php/roadrunner-api-dto/generated/Temporal/Api/Activity/V1/CallbackInfo.php
vendor/roadrunner-php/roadrunner-api-dto/generated/Temporal/Api/Activity/V1/CallbackInfo/ActivityClosed.php
vendor/roadrunner-php/roadrunner-api-dto/generated/Temporal/Api/Activity/V1/CallbackInfo/Trigger.php
vendor/roadrunner-php/roadrunner-api-dto/generated/Temporal/Api/Batch/V1/BatchOperationCancelActivities.php
vendor/roadrunner-php/roadrunner-api-dto/generated/Temporal/Api/Batch/V1/BatchOperationCancellation.php
vendor/roadrunner-php/roadrunner-api-dto/generated/Temporal/Api/Batch/V1/BatchOperationDeleteActivities.php
vendor/roadrunner-php/roadrunner-api-dto/generated/Temporal/Api/Batch/V1/BatchOperationDeletion.php
vendor/roadrunner-php/roadrunner-api-dto/generated/Temporal/Api/Batch/V1/BatchOperationInfo.php
vendor/roadrunner-php/roadrunner-api-dto/generated/Temporal/Api/Batch/V1/BatchOperationReset.php
vendor/roadrunner-php/roadrunner-api-dto/generated/Temporal/Api/Batch/V1/BatchOperationResetActivities.php
vendor/roadrunner-php/roadrunner-api-dto/generated/Temporal/Api/Batch/V1/BatchOperationSignal.php
vendor/roadrunner-php/roadrunner-api-dto/generated/Temporal/Api/Batch/V1/BatchOperationTerminateActivities.php
vendor/roadrunner-php/roadrunner-api-dto/generated/Temporal/Api/Batch/V1/BatchOperationTermination.php
vendor/roadrunner-php/roadrunner-api-dto/generated/Temporal/Api/Batch/V1/BatchOperationTriggerWorkflowRule.php
vendor/roadrunner-php/roadrunner-api-dto/generated/Temporal/Api/Batch/V1/BatchOperationUnpauseActivities.php
vendor/roadrunner-php/roadrunner-api-dto/generated/Temporal/Api/Batch/V1/BatchOperationUpdateActivityOptions.php
vendor/roadrunner-php/roadrunner-api-dto/generated/Temporal/Api/Batch/V1/BatchOperationUpdateWorkflowExecutionOptions.php
vendor/roadrunner-php/roadrunner-api-dto/generated/Temporal/Api/Callback/V1/CallbackInfo.php
vendor/roadrunner-php/roadrunner-api-dto/generated/Temporal/Api/Cloud/Account/V1/Account.php
vendor/roadrunner-php/roadrunner-api-dto/generated/Temporal/Api/Cloud/Account/V1/AccountSpec.php
vendor/roadrunner-php/roadrunner-api-dto/generated/Temporal/Api/Cloud/Account/V1/AuditLogSink.php
vendor/roadrunner-php/roadrunner-api-dto/generated/Temporal/Api/Cloud/Account/V1/AuditLogSink/Health.php
vendor/roadrunner-php/roadrunner-api-dto/generated/Temporal/Api/Cloud/Account/V1/AuditLogSinkSpec.php
vendor/roadrunner-php/roadrunner-api-dto/generated/Temporal/Api/Cloud/Account/V1/Metrics.php
vendor/roadrunner-php/roadrunner-api-dto/generated/Temporal/Api/Cloud/Account/V1/MetricsSpec.php
vendor/roadrunner-php/roadrunner-api-dto/generated/Temporal/Api/Cloud/Auditlog/V1/LogRecord.php
vendor/roadrunner-php/roadrunner-api-dto/generated/Temporal/Api/Cloud/Auditlog/V1/Principal.php
vendor/roadrunner-php/roadrunner-api-dto/generated/Temporal/Api/Cloud/Billing/V1/BillingReport.php
vendor/roadrunner-php/roadrunner-api-dto/generated/Temporal/Api/Cloud/Billing/V1/BillingReport/BillingReportState.php
vendor/roadrunner-php/roadrunner-api-dto/generated/Temporal/Api/Cloud/Billing/V1/BillingReport/Download.php
vendor/roadrunner-php/roadrunner-api-dto/generated/Temporal/Api/Cloud/Billing/V1/BillingReport/Download/FileFormat.php
vendor/roadrunner-php/roadrunner-api-dto/generated/Temporal/Api/Cloud/Billing/V1/BillingReportSpec.php
vendor/roadrunner-php/roadrunner-api-dto/generated/Temporal/Api/Cloud/Billing/V1/BillingReportSpec/BillingReportGranularity.php
vendor/roadrunner-php/roadrunner-api-dto/generated/Temporal/Api/Cloud/Cloudservice/V1/AddNamespaceRegionRequest.php
vendor/roadrunner-php/roadrunner-api-dto/generated/Temporal/Api/Cloud/Cloudservice/V1/AddNamespaceRegionResponse.php
vendor/roadrunner-php/roadrunner-api-dto/generated/Temporal/Api/Cloud/Cloudservice/V1/AddUserGroupMemberRequest.php
vendor/roadrunner-php/roadrunner-api-dto/generated/Temporal/Api/Cloud/Cloudservice/V1/AddUserGroupMemberResponse.php
vendor/roadrunner-php/roadrunner-api-dto/generated/Temporal/Api/Cloud/Cloudservice/V1/CloudServiceClient.php
vendor/roadrunner-php/roadrunner-api-dto/generated/Temporal/Api/Cloud/Cloudservice/V1/CreateAccountAuditLogSinkRequest.php
vendor/roadrunner-php/roadrunner-api-dto/generated/Temporal/Api/Cloud/Cloudservice/V1/CreateAccountAuditLogSinkResponse.php
vendor/roadrunner-php/roadrunner-api-dto/generated/Temporal/Api/Cloud/Cloudservice/V1/CreateApiKeyRequest.php
vendor/roadrunner-php/roadrunner-api-dto/generated/Temporal/Api/Cloud/Cloudservice/V1/CreateApiKeyResponse.php
vendor/roadrunner-php/roadrunner-api-dto/generated/Temporal/Api/Cloud/Cloudservice/V1/CreateBillingReportRequest.php
vendor/roadrunner-php/roadrunner-api-dto/generated/Temporal/Api/Cloud/Cloudservice/V1/CreateBillingReportResponse.php
vendor/roadrunner-php/roadrunner-api-dto/generated/Temporal/Api/Cloud/Cloudservice/V1/CreateConnectivityRuleRequest.php
vendor/roadrunner-php/roadrunner-api-dto/generated/Temporal/Api/Cloud/Cloudservice/V1/CreateConnectivityRuleResponse.php
vendor/roadrunner-php/roadrunner-api-dto/generated/Temporal/Api/Cloud/Cloudservice/V1/CreateCustomRoleRequest.php
vendor/roadrunner-php/roadrunner-api-dto/generated/Temporal/Api/Cloud/Cloudservice/V1/CreateCustomRoleResponse.php
vendor/roadrunner-php/roadrunner-api-dto/generated/Temporal/Api/Cloud/Cloudservice/V1/CreateNamespaceExportSinkRequest.php
vendor/roadrunner-php/roadrunner-api-dto/generated/Temporal/Api/Cloud/Cloudservice/V1/CreateNamespaceExportSinkResponse.php
vendor/roadrunner-php/roadrunner-api-dto/generated/Temporal/Api/Cloud/Cloudservice/V1/CreateNamespaceRequest.php
vendor/roadrunner-php/roadrunner-api-dto/generated/Temporal/Api/Cloud/Cloudservice/V1/CreateNamespaceResponse.php
vendor/roadrunner-php/roadrunner-api-dto/generated/Temporal/Api/Cloud/Cloudservice/V1/CreateNexusEndpointRequest.php
vendor/roadrunner-php/roadrunner-api-dto/generated/Temporal/Api/Cloud/Cloudservice/V1/CreateNexusEndpointResponse.php
vendor/roadrunner-php/roadrunner-api-dto/generated/Temporal/Api/Cloud/Cloudservice/V1/CreateProjectRequest.php
vendor/roadrunner-php/roadrunner-api-dto/generated/Temporal/Api/Cloud/Cloudservice/V1/CreateProjectResponse.php
vendor/roadrunner-php/roadrunner-api-dto/generated/Temporal/Api/Cloud/Cloudservice/V1/CreateServiceAccountRequest.php
vendor/roadrunner-php/roadrunner-api-dto/generated/Temporal/Api/Cloud/Cloudservice/V1/CreateServiceAccountResponse.php
vendor/roadrunner-php/roadrunner-api-dto/generated/Temporal/Api/Cloud/Cloudservice/V1/CreateUserGroupRequest.php
vendor/roadrunner-php/roadrunner-api-dto/generated/Temporal/Api/Cloud/Cloudservice/V1/CreateUserGroupResponse.php
vendor/roadrunner-php/roadrunner-api-dto/generated/Temporal/Api/Cloud/Cloudservice/V1/CreateUserRequest.php
vendor/roadrunner-php/roadrunner-api-dto/generated/Temporal/Api/Cloud/Cloudservice/V1/CreateUserResponse.php
vendor/roadrunner-php/roadrunner-api-dto/generated/Temporal/Api/Cloud/Cloudservice/V1/DeleteAccountAuditLogSinkRequest.php
vendor/roadrunner-php/roadrunner-api-dto/generated/Temporal/Api/Cloud/Cloudservice/V1/DeleteAccountAuditLogSinkResponse.php
vendor/roadrunner-php/roadrunner-api-dto/generated/Temporal/Api/Cloud/Cloudservice/V1/DeleteApiKeyRequest.php
vendor/roadrunner-php/roadrunner-api-dto/generated/Temporal/Api/Cloud/Cloudservice/V1/DeleteApiKeyResponse.php
vendor/roadrunner-php/roadrunner-api-dto/generated/Temporal/Api/Cloud/Cloudservice/V1/DeleteConnectivityRuleRequest.php
vendor/roadrunner-php/roadrunner-api-dto/generated/Temporal/Api/Cloud/Cloudservice/V1/DeleteConnectivityRuleResponse.php
vendor/roadrunner-php/roadrunner-api-dto/generated/Temporal/Api/Cloud/Cloudservice/V1/DeleteCustomRoleRequest.php
vendor/roadrunner-php/roadrunner-api-dto/generated/Temporal/Api/Cloud/Cloudservice/V1/DeleteCustomRoleResponse.php
vendor/roadrunner-php/roadrunner-api-dto/generated/Temporal/Api/Cloud/Cloudservice/V1/DeleteNamespaceExportSinkRequest.php
vendor/roadrunner-php/roadrunner-api-dto/generated/Temporal/Api/Cloud/Cloudservice/V1/DeleteNamespaceExportSinkResponse.php
vendor/roadrunner-php/roadrunner-api-dto/generated/Temporal/Api/Cloud/Cloudservice/V1/DeleteNamespaceRegionRequest.php
vendor/roadrunner-php/roadrunner-api-dto/generated/Temporal/Api/Cloud/Cloudservice/V1/DeleteNamespaceRegionResponse.php
vendor/roadrunner-php/roadrunner-api-dto/generated/Temporal/Api/Cloud/Cloudservice/V1/DeleteNamespaceRequest.php
vendor/roadrunner-php/roadrunner-api-dto/generated/Temporal/Api/Cloud/Cloudservice/V1/DeleteNamespaceResponse.php
vendor/roadrunner-php/roadrunner-api-dto/generated/Temporal/Api/Cloud/Cloudservice/V1/DeleteNexusEndpointRequest.php
vendor/roadrunner-php/roadrunner-api-dto/generated/Temporal/Api/Cloud/Cloudservice/V1/DeleteNexusEndpointResponse.php
vendor/roadrunner-php/roadrunner-api-dto/generated/Temporal/Api/Cloud/Cloudservice/V1/DeleteProjectRequest.php
vendor/roadrunner-php/roadrunner-api-dto/generated/Temporal/Api/Cloud/Cloudservice/V1/DeleteProjectResponse.php
vendor/roadrunner-php/roadrunner-api-dto/generated/Temporal/Api/Cloud/Cloudservice/V1/DeleteServiceAccountRequest.php
vendor/roadrunner-php/roadrunner-api-dto/generated/Temporal/Api/Cloud/Cloudservice/V1/DeleteServiceAccountResponse.php
vendor/roadrunner-php/roadrunner-api-dto/generated/Temporal/Api/Cloud/Cloudservice/V1/DeleteUserGroupRequest.php
vendor/roadrunner-php/roadrunner-api-dto/generated/Temporal/Api/Cloud/Cloudservice/V1/DeleteUserGroupResponse.php
vendor/roadrunner-php/roadrunner-api-dto/generated/Temporal/Api/Cloud/Cloudservice/V1/DeleteUserRequest.php
vendor/roadrunner-php/roadrunner-api-dto/generated/Temporal/Api/Cloud/Cloudservice/V1/DeleteUserResponse.php
vendor/roadrunner-php/roadrunner-api-dto/generated/Temporal/Api/Cloud/Cloudservice/V1/FailoverNamespaceRegionRequest.php
vendor/roadrunner-php/roadrunner-api-dto/generated/Temporal/Api/Cloud/Cloudservice/V1/FailoverNamespaceRegionResponse.php
vendor/roadrunner-php/roadrunner-api-dto/generated/Temporal/Api/Cloud/Cloudservice/V1/GetAccountAuditLogSinkRequest.php
vendor/roadrunner-php/roadrunner-api-dto/generated/Temporal/Api/Cloud/Cloudservice/V1/GetAccountAuditLogSinkResponse.php
vendor/roadrunner-php/roadrunner-api-dto/generated/Temporal/Api/Cloud/Cloudservice/V1/GetAccountAuditLogSinksRequest.php
vendor/roadrunner-php/roadrunner-api-dto/generated/Temporal/Api/Cloud/Cloudservice/V1/GetAccountAuditLogSinksResponse.php
vendor/roadrunner-php/roadrunner-api-dto/generated/Temporal/Api/Cloud/Cloudservice/V1/GetAccountRequest.php
vendor/roadrunner-php/roadrunner-api-dto/generated/Temporal/Api/Cloud/Cloudservice/V1/GetAccountResponse.php
vendor/roadrunner-php/roadrunner-api-dto/generated/Temporal/Api/Cloud/Cloudservice/V1/GetApiKeyRequest.php
vendor/roadrunner-php/roadrunner-api-dto/generated/Temporal/Api/Cloud/Cloudservice/V1/GetApiKeyResponse.php
vendor/roadrunner-php/roadrunner-api-dto/generated/Temporal/Api/Cloud/Cloudservice/V1/GetApiKeysRequest.php
vendor/roadrunner-php/roadrunner-api-dto/generated/Temporal/Api/Cloud/Cloudservice/V1/GetApiKeysResponse.php
vendor/roadrunner-php/roadrunner-api-dto/generated/Temporal/Api/Cloud/Cloudservice/V1/GetAsyncOperationRequest.php
vendor/roadrunner-php/roadrunner-api-dto/generated/Temporal/Api/Cloud/Cloudservice/V1/GetAsyncOperationResponse.php
vendor/roadrunner-php/roadrunner-api-dto/generated/Temporal/Api/Cloud/Cloudservice/V1/GetAuditLogsRequest.php
vendor/roadrunner-php/roadrunner-api-dto/generated/Temporal/Api/Cloud/Cloudservice/V1/GetAuditLogsResponse.php
vendor/roadrunner-php/roadrunner-api-dto/generated/Temporal/Api/Cloud/Cloudservice/V1/GetBillingReportRequest.php
vendor/roadrunner-php/roadrunner-api-dto/generated/Temporal/Api/Cloud/Cloudservice/V1/GetBillingReportResponse.php
vendor/roadrunner-php/roadrunner-api-dto/generated/Temporal/Api/Cloud/Cloudservice/V1/GetConnectivityRuleRequest.php
vendor/roadrunner-php/roadrunner-api-dto/generated/Temporal/Api/Cloud/Cloudservice/V1/GetConnectivityRuleResponse.php
vendor/roadrunner-php/roadrunner-api-dto/generated/Temporal/Api/Cloud/Cloudservice/V1/GetConnectivityRulesRequest.php
vendor/roadrunner-php/roadrunner-api-dto/generated/Temporal/Api/Cloud/Cloudservice/V1/GetConnectivityRulesResponse.php
vendor/roadrunner-php/roadrunner-api-dto/generated/Temporal/Api/Cloud/Cloudservice/V1/GetCurrentIdentityRequest.php
vendor/roadrunner-php/roadrunner-api-dto/generated/Temporal/Api/Cloud/Cloudservice/V1/GetCurrentIdentityResponse.php
vendor/roadrunner-php/roadrunner-api-dto/generated/Temporal/Api/Cloud/Cloudservice/V1/GetCustomRoleRequest.php
vendor/roadrunner-php/roadrunner-api-dto/generated/Temporal/Api/Cloud/Cloudservice/V1/GetCustomRoleResponse.php
vendor/roadrunner-php/roadrunner-api-dto/generated/Temporal/Api/Cloud/Cloudservice/V1/GetCustomRolesRequest.php
vendor/roadrunner-php/roadrunner-api-dto/generated/Temporal/Api/Cloud/Cloudservice/V1/GetCustomRolesResponse.php
vendor/roadrunner-php/roadrunner-api-dto/generated/Temporal/Api/Cloud/Cloudservice/V1/GetNamespaceCapacityInfoRequest.php
vendor/roadrunner-php/roadrunner-api-dto/generated/Temporal/Api/Cloud/Cloudservice/V1/GetNamespaceCapacityInfoResponse.php
vendor/roadrunner-php/roadrunner-api-dto/generated/Temporal/Api/Cloud/Cloudservice/V1/GetNamespaceExportSinkRequest.php
vendor/roadrunner-php/roadrunner-api-dto/generated/Temporal/Api/Cloud/Cloudservice/V1/GetNamespaceExportSinkResponse.php
vendor/roadrunner-php/roadrunner-api-dto/generated/Temporal/Api/Cloud/Cloudservice/V1/GetNamespaceExportSinksRequest.php
vendor/roadrunner-php/roadrunner-api-dto/generated/Temporal/Api/Cloud/Cloudservice/V1/GetNamespaceExportSinksResponse.php
vendor/roadrunner-php/roadrunner-api-dto/generated/Temporal/Api/Cloud/Cloudservice/V1/GetNamespaceRequest.php
vendor/roadrunner-php/roadrunner-api-dto/generated/Temporal/Api/Cloud/Cloudservice/V1/GetNamespaceResponse.php
vendor/roadrunner-php/roadrunner-api-dto/generated/Temporal/Api/Cloud/Cloudservice/V1/GetNamespacesRequest.php
vendor/roadrunner-php/roadrunner-api-dto/generated/Temporal/Api/Cloud/Cloudservice/V1/GetNamespacesResponse.php
vendor/roadrunner-php/roadrunner-api-dto/generated/Temporal/Api/Cloud/Cloudservice/V1/GetNexusEndpointRequest.php
vendor/roadrunner-php/roadrunner-api-dto/generated/Temporal/Api/Cloud/Cloudservice/V1/GetNexusEndpointResponse.php
vendor/roadrunner-php/roadrunner-api-dto/generated/Temporal/Api/Cloud/Cloudservice/V1/GetNexusEndpointsRequest.php
vendor/roadrunner-php/roadrunner-api-dto/generated/Temporal/Api/Cloud/Cloudservice/V1/GetNexusEndpointsResponse.php
vendor/roadrunner-php/roadrunner-api-dto/generated/Temporal/Api/Cloud/Cloudservice/V1/GetProjectRequest.php
vendor/roadrunner-php/roadrunner-api-dto/generated/Temporal/Api/Cloud/Cloudservice/V1/GetProjectResponse.php
vendor/roadrunner-php/roadrunner-api-dto/generated/Temporal/Api/Cloud/Cloudservice/V1/GetProjectScopedServiceAccountsRequest.php
vendor/roadrunner-php/roadrunner-api-dto/generated/Temporal/Api/Cloud/Cloudservice/V1/GetProjectScopedServiceAccountsResponse.php
vendor/roadrunner-php/roadrunner-api-dto/generated/Temporal/Api/Cloud/Cloudservice/V1/GetProjectsRequest.php
vendor/roadrunner-php/roadrunner-api-dto/generated/Temporal/Api/Cloud/Cloudservice/V1/GetProjectsResponse.php
vendor/roadrunner-php/roadrunner-api-dto/generated/Temporal/Api/Cloud/Cloudservice/V1/GetRegionRequest.php
vendor/roadrunner-php/roadrunner-api-dto/generated/Temporal/Api/Cloud/Cloudservice/V1/GetRegionResponse.php
vendor/roadrunner-php/roadrunner-api-dto/generated/Temporal/Api/Cloud/Cloudservice/V1/GetRegionsRequest.php
vendor/roadrunner-php/roadrunner-api-dto/generated/Temporal/Api/Cloud/Cloudservice/V1/GetRegionsResponse.php
vendor/roadrunner-php/roadrunner-api-dto/generated/Temporal/Api/Cloud/Cloudservice/V1/GetServiceAccountNamespaceAssignmentsRequest.php
vendor/roadrunner-php/roadrunner-api-dto/generated/Temporal/Api/Cloud/Cloudservice/V1/GetServiceAccountNamespaceAssignmentsResponse.php
vendor/roadrunner-php/roadrunner-api-dto/generated/Temporal/Api/Cloud/Cloudservice/V1/GetServiceAccountProjectAssignmentsRequest.php
vendor/roadrunner-php/roadrunner-api-dto/generated/Temporal/Api/Cloud/Cloudservice/V1/GetServiceAccountProjectAssignmentsResponse.php
vendor/roadrunner-php/roadrunner-api-dto/generated/Temporal/Api/Cloud/Cloudservice/V1/GetServiceAccountRequest.php
vendor/roadrunner-php/roadrunner-api-dto/generated/Temporal/Api/Cloud/Cloudservice/V1/GetServiceAccountResponse.php
vendor/roadrunner-php/roadrunner-api-dto/generated/Temporal/Api/Cloud/Cloudservice/V1/GetServiceAccountsRequest.php
vendor/roadrunner-php/roadrunner-api-dto/generated/Temporal/Api/Cloud/Cloudservice/V1/GetServiceAccountsResponse.php
vendor/roadrunner-php/roadrunner-api-dto/generated/Temporal/Api/Cloud/Cloudservice/V1/GetUsageRequest.php
vendor/roadrunner-php/roadrunner-api-dto/generated/Temporal/Api/Cloud/Cloudservice/V1/GetUsageResponse.php
vendor/roadrunner-php/roadrunner-api-dto/generated/Temporal/Api/Cloud/Cloudservice/V1/GetUserGroupMembersRequest.php
vendor/roadrunner-php/roadrunner-api-dto/generated/Temporal/Api/Cloud/Cloudservice/V1/GetUserGroupMembersResponse.php
vendor/roadrunner-php/roadrunner-api-dto/generated/Temporal/Api/Cloud/Cloudservice/V1/GetUserGroupNamespaceAssignmentsRequest.php
vendor/roadrunner-php/roadrunner-api-dto/generated/Temporal/Api/Cloud/Cloudservice/V1/GetUserGroupNamespaceAssignmentsResponse.php
vendor/roadrunner-php/roadrunner-api-dto/generated/Temporal/Api/Cloud/Cloudservice/V1/GetUserGroupProjectAssignmentsRequest.php
vendor/roadrunner-php/roadrunner-api-dto/generated/Temporal/Api/Cloud/Cloudservice/V1/GetUserGroupProjectAssignmentsResponse.php
vendor/roadrunner-php/roadrunner-api-dto/generated/Temporal/Api/Cloud/Cloudservice/V1/GetUserGroupRequest.php
vendor/roadrunner-php/roadrunner-api-dto/generated/Temporal/Api/Cloud/Cloudservice/V1/GetUserGroupResponse.php
vendor/roadrunner-php/roadrunner-api-dto/generated/Temporal/Api/Cloud/Cloudservice/V1/GetUserGroupsRequest.php
vendor/roadrunner-php/roadrunner-api-dto/generated/Temporal/Api/Cloud/Cloudservice/V1/GetUserGroupsRequest/GoogleGroupFilter.php
vendor/roadrunner-php/roadrunner-api-dto/generated/Temporal/Api/Cloud/Cloudservice/V1/GetUserGroupsRequest/SCIMGroupFilter.php
vendor/roadrunner-php/roadrunner-api-dto/generated/Temporal/Api/Cloud/Cloudservice/V1/GetUserGroupsResponse.php
vendor/roadrunner-php/roadrunner-api-dto/generated/Temporal/Api/Cloud/Cloudservice/V1/GetUserNamespaceAssignmentsRequest.php
vendor/roadrunner-php/roadrunner-api-dto/generated/Temporal/Api/Cloud/Cloudservice/V1/GetUserNamespaceAssignmentsResponse.php
vendor/roadrunner-php/roadrunner-api-dto/generated/Temporal/Api/Cloud/Cloudservice/V1/GetUserProjectAssignmentsRequest.php
vendor/roadrunner-php/roadrunner-api-dto/generated/Temporal/Api/Cloud/Cloudservice/V1/GetUserProjectAssignmentsResponse.php
vendor/roadrunner-php/roadrunner-api-dto/generated/Temporal/Api/Cloud/Cloudservice/V1/GetUserRequest.php
vendor/roadrunner-php/roadrunner-api-dto/generated/Temporal/Api/Cloud/Cloudservice/V1/GetUserResponse.php
vendor/roadrunner-php/roadrunner-api-dto/generated/Temporal/Api/Cloud/Cloudservice/V1/GetUsersRequest.php
vendor/roadrunner-php/roadrunner-api-dto/generated/Temporal/Api/Cloud/Cloudservice/V1/GetUsersResponse.php
vendor/roadrunner-php/roadrunner-api-dto/generated/Temporal/Api/Cloud/Cloudservice/V1/RemoveUserGroupMemberRequest.php
vendor/roadrunner-php/roadrunner-api-dto/generated/Temporal/Api/Cloud/Cloudservice/V1/RemoveUserGroupMemberResponse.php
vendor/roadrunner-php/roadrunner-api-dto/generated/Temporal/Api/Cloud/Cloudservice/V1/RenameCustomSearchAttributeRequest.php
vendor/roadrunner-php/roadrunner-api-dto/generated/Temporal/Api/Cloud/Cloudservice/V1/RenameCustomSearchAttributeResponse.php
vendor/roadrunner-php/roadrunner-api-dto/generated/Temporal/Api/Cloud/Cloudservice/V1/SetServiceAccountNamespaceAccessRequest.php
vendor/roadrunner-php/roadrunner-api-dto/generated/Temporal/Api/Cloud/Cloudservice/V1/SetServiceAccountNamespaceAccessResponse.php
vendor/roadrunner-php/roadrunner-api-dto/generated/Temporal/Api/Cloud/Cloudservice/V1/SetServiceAccountProjectAccessRequest.php
vendor/roadrunner-php/roadrunner-api-dto/generated/Temporal/Api/Cloud/Cloudservice/V1/SetServiceAccountProjectAccessResponse.php
vendor/roadrunner-php/roadrunner-api-dto/generated/Temporal/Api/Cloud/Cloudservice/V1/SetUserGroupNamespaceAccessRequest.php
vendor/roadrunner-php/roadrunner-api-dto/generated/Temporal/Api/Cloud/Cloudservice/V1/SetUserGroupNamespaceAccessResponse.php
vendor/roadrunner-php/roadrunner-api-dto/generated/Temporal/Api/Cloud/Cloudservice/V1/SetUserGroupProjectAccessRequest.php
vendor/roadrunner-php/roadrunner-api-dto/generated/Temporal/Api/Cloud/Cloudservice/V1/SetUserGroupProjectAccessResponse.php
vendor/roadrunner-php/roadrunner-api-dto/generated/Temporal/Api/Cloud/Cloudservice/V1/SetUserNamespaceAccessRequest.php
vendor/roadrunner-php/roadrunner-api-dto/generated/Temporal/Api/Cloud/Cloudservice/V1/SetUserNamespaceAccessResponse.php
vendor/roadrunner-php/roadrunner-api-dto/generated/Temporal/Api/Cloud/Cloudservice/V1/SetUserProjectAccessRequest.php
vendor/roadrunner-php/roadrunner-api-dto/generated/Temporal/Api/Cloud/Cloudservice/V1/SetUserProjectAccessResponse.php
vendor/roadrunner-php/roadrunner-api-dto/generated/Temporal/Api/Cloud/Cloudservice/V1/UpdateAccountAuditLogSinkRequest.php
vendor/roadrunner-php/roadrunner-api-dto/generated/Temporal/Api/Cloud/Cloudservice/V1/UpdateAccountAuditLogSinkResponse.php
vendor/roadrunner-php/roadrunner-api-dto/generated/Temporal/Api/Cloud/Cloudservice/V1/UpdateAccountRequest.php
vendor/roadrunner-php/roadrunner-api-dto/generated/Temporal/Api/Cloud/Cloudservice/V1/UpdateAccountResponse.php
vendor/roadrunner-php/roadrunner-api-dto/generated/Temporal/Api/Cloud/Cloudservice/V1/UpdateApiKeyRequest.php
vendor/roadrunner-php/roadrunner-api-dto/generated/Temporal/Api/Cloud/Cloudservice/V1/UpdateApiKeyResponse.php
vendor/roadrunner-php/roadrunner-api-dto/generated/Temporal/Api/Cloud/Cloudservice/V1/UpdateCustomRoleRequest.php
vendor/roadrunner-php/roadrunner-api-dto/generated/Temporal/Api/Cloud/Cloudservice/V1/UpdateCustomRoleResponse.php
vendor/roadrunner-php/roadrunner-api-dto/generated/Temporal/Api/Cloud/Cloudservice/V1/UpdateNamespaceExportSinkRequest.php
vendor/roadrunner-php/roadrunner-api-dto/generated/Temporal/Api/Cloud/Cloudservice/V1/UpdateNamespaceExportSinkResponse.php
vendor/roadrunner-php/roadrunner-api-dto/generated/Temporal/Api/Cloud/Cloudservice/V1/UpdateNamespaceRequest.php
vendor/roadrunner-php/roadrunner-api-dto/generated/Temporal/Api/Cloud/Cloudservice/V1/UpdateNamespaceResponse.php
vendor/roadrunner-php/roadrunner-api-dto/generated/Temporal/Api/Cloud/Cloudservice/V1/UpdateNamespaceTagsRequest.php
vendor/roadrunner-php/roadrunner-api-dto/generated/Temporal/Api/Cloud/Cloudservice/V1/UpdateNamespaceTagsResponse.php
vendor/roadrunner-php/roadrunner-api-dto/generated/Temporal/Api/Cloud/Cloudservice/V1/UpdateNexusEndpointRequest.php
vendor/roadrunner-php/roadrunner-api-dto/generated/Temporal/Api/Cloud/Cloudservice/V1/UpdateNexusEndpointResponse.php
vendor/roadrunner-php/roadrunner-api-dto/generated/Temporal/Api/Cloud/Cloudservice/V1/UpdateProjectRequest.php
vendor/roadrunner-php/roadrunner-api-dto/generated/Temporal/Api/Cloud/Cloudservice/V1/UpdateProjectResponse.php
vendor/roadrunner-php/roadrunner-api-dto/generated/Temporal/Api/Cloud/Cloudservice/V1/UpdateServiceAccountRequest.php
vendor/roadrunner-php/roadrunner-api-dto/generated/Temporal/Api/Cloud/Cloudservice/V1/UpdateServiceAccountResponse.php
vendor/roadrunner-php/roadrunner-api-dto/generated/Temporal/Api/Cloud/Cloudservice/V1/UpdateUserGroupRequest.php
vendor/roadrunner-php/roadrunner-api-dto/generated/Temporal/Api/Cloud/Cloudservice/V1/UpdateUserGroupResponse.php
vendor/roadrunner-php/roadrunner-api-dto/generated/Temporal/Api/Cloud/Cloudservice/V1/UpdateUserRequest.php
vendor/roadrunner-php/roadrunner-api-dto/generated/Temporal/Api/Cloud/Cloudservice/V1/UpdateUserResponse.php
vendor/roadrunner-php/roadrunner-api-dto/generated/Temporal/Api/Cloud/Cloudservice/V1/ValidateAccountAuditLogSinkRequest.php
vendor/roadrunner-php/roadrunner-api-dto/generated/Temporal/Api/Cloud/Cloudservice/V1/ValidateAccountAuditLogSinkResponse.php
vendor/roadrunner-php/roadrunner-api-dto/generated/Temporal/Api/Cloud/Cloudservice/V1/ValidateNamespaceExportSinkRequest.php
vendor/roadrunner-php/roadrunner-api-dto/generated/Temporal/Api/Cloud/Cloudservice/V1/ValidateNamespaceExportSinkResponse.php
vendor/roadrunner-php/roadrunner-api-dto/generated/Temporal/Api/Cloud/Connectivityrule/V1/ConnectivityRule.php
vendor/roadrunner-php/roadrunner-api-dto/generated/Temporal/Api/Cloud/Connectivityrule/V1/ConnectivityRuleSpec.php
vendor/roadrunner-php/roadrunner-api-dto/generated/Temporal/Api/Cloud/Connectivityrule/V1/PrivateConnectivityRule.php
vendor/roadrunner-php/roadrunner-api-dto/generated/Temporal/Api/Cloud/Connectivityrule/V1/PublicConnectivityRule.php
vendor/roadrunner-php/roadrunner-api-dto/generated/Temporal/Api/Cloud/Identity/V1/Access.php
vendor/roadrunner-php/roadrunner-api-dto/generated/Temporal/Api/Cloud/Identity/V1/AccountAccess.php
vendor/roadrunner-php/roadrunner-api-dto/generated/Temporal/Api/Cloud/Identity/V1/AccountAccess/Role.php
vendor/roadrunner-php/roadrunner-api-dto/generated/Temporal/Api/Cloud/Identity/V1/ApiKey.php
vendor/roadrunner-php/roadrunner-api-dto/generated/Temporal/Api/Cloud/Identity/V1/ApiKeySpec.php
vendor/roadrunner-php/roadrunner-api-dto/generated/Temporal/Api/Cloud/Identity/V1/CloudGroupSpec.php
vendor/roadrunner-php/roadrunner-api-dto/generated/Temporal/Api/Cloud/Identity/V1/CustomRole.php
vendor/roadrunner-php/roadrunner-api-dto/generated/Temporal/Api/Cloud/Identity/V1/CustomRoleSpec.php
vendor/roadrunner-php/roadrunner-api-dto/generated/Temporal/Api/Cloud/Identity/V1/CustomRoleSpec/Permission.php
vendor/roadrunner-php/roadrunner-api-dto/generated/Temporal/Api/Cloud/Identity/V1/CustomRoleSpec/Resources.php
vendor/roadrunner-php/roadrunner-api-dto/generated/Temporal/Api/Cloud/Identity/V1/GoogleGroupSpec.php
vendor/roadrunner-php/roadrunner-api-dto/generated/Temporal/Api/Cloud/Identity/V1/Invitation.php
vendor/roadrunner-php/roadrunner-api-dto/generated/Temporal/Api/Cloud/Identity/V1/NamespaceAccess.php
vendor/roadrunner-php/roadrunner-api-dto/generated/Temporal/Api/Cloud/Identity/V1/NamespaceAccess/Permission.php
vendor/roadrunner-php/roadrunner-api-dto/generated/Temporal/Api/Cloud/Identity/V1/NamespaceScopedAccess.php
vendor/roadrunner-php/roadrunner-api-dto/generated/Temporal/Api/Cloud/Identity/V1/OwnerType.php
vendor/roadrunner-php/roadrunner-api-dto/generated/Temporal/Api/Cloud/Identity/V1/ProjectAccess.php
vendor/roadrunner-php/roadrunner-api-dto/generated/Temporal/Api/Cloud/Identity/V1/ProjectAccess/ProjectRole.php
vendor/roadrunner-php/roadrunner-api-dto/generated/Temporal/Api/Cloud/Identity/V1/ProjectScopedAccess.php
vendor/roadrunner-php/roadrunner-api-dto/generated/Temporal/Api/Cloud/Identity/V1/SCIMGroupSpec.php
vendor/roadrunner-php/roadrunner-api-dto/generated/Temporal/Api/Cloud/Identity/V1/ServiceAccount.php
vendor/roadrunner-php/roadrunner-api-dto/generated/Temporal/Api/Cloud/Identity/V1/ServiceAccountNamespaceAssignment.php
vendor/roadrunner-php/roadrunner-api-dto/generated/Temporal/Api/Cloud/Identity/V1/ServiceAccountProjectAssignment.php
vendor/roadrunner-php/roadrunner-api-dto/generated/Temporal/Api/Cloud/Identity/V1/ServiceAccountSpec.php
vendor/roadrunner-php/roadrunner-api-dto/generated/Temporal/Api/Cloud/Identity/V1/User.php
vendor/roadrunner-php/roadrunner-api-dto/generated/Temporal/Api/Cloud/Identity/V1/UserGroup.php
vendor/roadrunner-php/roadrunner-api-dto/generated/Temporal/Api/Cloud/Identity/V1/UserGroupMember.php
vendor/roadrunner-php/roadrunner-api-dto/generated/Temporal/Api/Cloud/Identity/V1/UserGroupMemberId.php
vendor/roadrunner-php/roadrunner-api-dto/generated/Temporal/Api/Cloud/Identity/V1/UserGroupNamespaceAssignment.php
vendor/roadrunner-php/roadrunner-api-dto/generated/Temporal/Api/Cloud/Identity/V1/UserGroupProjectAssignment.php
vendor/roadrunner-php/roadrunner-api-dto/generated/Temporal/Api/Cloud/Identity/V1/UserGroupSpec.php
vendor/roadrunner-php/roadrunner-api-dto/generated/Temporal/Api/Cloud/Identity/V1/UserNamespaceAssignment.php
vendor/roadrunner-php/roadrunner-api-dto/generated/Temporal/Api/Cloud/Identity/V1/UserProjectAssignment.php
vendor/roadrunner-php/roadrunner-api-dto/generated/Temporal/Api/Cloud/Identity/V1/UserSpec.php
vendor/roadrunner-php/roadrunner-api-dto/generated/Temporal/Api/Cloud/Nexus/V1/AllowedCloudNamespacePolicySpec.php
vendor/roadrunner-php/roadrunner-api-dto/generated/Temporal/Api/Cloud/Nexus/V1/Endpoint.php
vendor/roadrunner-php/roadrunner-api-dto/generated/Temporal/Api/Cloud/Nexus/V1/EndpointPolicySpec.php
vendor/roadrunner-php/roadrunner-api-dto/generated/Temporal/Api/Cloud/Nexus/V1/EndpointSpec.php
vendor/roadrunner-php/roadrunner-api-dto/generated/Temporal/Api/Cloud/Nexus/V1/EndpointTargetSpec.php
vendor/roadrunner-php/roadrunner-api-dto/generated/Temporal/Api/Cloud/Nexus/V1/WorkerTargetSpec.php
vendor/roadrunner-php/roadrunner-api-dto/generated/Temporal/Api/Cloud/Operation/V1/AsyncOperation.php
vendor/roadrunner-php/roadrunner-api-dto/generated/Temporal/Api/Cloud/Operation/V1/AsyncOperation/State.php
vendor/roadrunner-php/roadrunner-api-dto/generated/Temporal/Api/Cloud/PBNamespace/V1/AWSPrivateLinkInfo.php
vendor/roadrunner-php/roadrunner-api-dto/generated/Temporal/Api/Cloud/PBNamespace/V1/ApiKeyAuthSpec.php
vendor/roadrunner-php/roadrunner-api-dto/generated/Temporal/Api/Cloud/PBNamespace/V1/Capacity.php
vendor/roadrunner-php/roadrunner-api-dto/generated/Temporal/Api/Cloud/PBNamespace/V1/Capacity/OnDemand.php
vendor/roadrunner-php/roadrunner-api-dto/generated/Temporal/Api/Cloud/PBNamespace/V1/Capacity/Provisioned.php
vendor/roadrunner-php/roadrunner-api-dto/generated/Temporal/Api/Cloud/PBNamespace/V1/Capacity/Request.php
vendor/roadrunner-php/roadrunner-api-dto/generated/Temporal/Api/Cloud/PBNamespace/V1/Capacity/Request/State.php
vendor/roadrunner-php/roadrunner-api-dto/generated/Temporal/Api/Cloud/PBNamespace/V1/CapacitySpec.php
vendor/roadrunner-php/roadrunner-api-dto/generated/Temporal/Api/Cloud/PBNamespace/V1/CapacitySpec/OnDemand.php
vendor/roadrunner-php/roadrunner-api-dto/generated/Temporal/Api/Cloud/PBNamespace/V1/CapacitySpec/Provisioned.php
vendor/roadrunner-php/roadrunner-api-dto/generated/Temporal/Api/Cloud/PBNamespace/V1/CertificateFilterSpec.php
vendor/roadrunner-php/roadrunner-api-dto/generated/Temporal/Api/Cloud/PBNamespace/V1/CodecServerSpec.php
vendor/roadrunner-php/roadrunner-api-dto/generated/Temporal/Api/Cloud/PBNamespace/V1/CodecServerSpec/CustomErrorMessage.php
vendor/roadrunner-php/roadrunner-api-dto/generated/Temporal/Api/Cloud/PBNamespace/V1/CodecServerSpec/CustomErrorMessage/ErrorMessage.php
vendor/roadrunner-php/roadrunner-api-dto/generated/Temporal/Api/Cloud/PBNamespace/V1/Endpoints.php
vendor/roadrunner-php/roadrunner-api-dto/generated/Temporal/Api/Cloud/PBNamespace/V1/ExportSink.php
vendor/roadrunner-php/roadrunner-api-dto/generated/Temporal/Api/Cloud/PBNamespace/V1/ExportSink/Health.php
vendor/roadrunner-php/roadrunner-api-dto/generated/Temporal/Api/Cloud/PBNamespace/V1/ExportSinkSpec.php
vendor/roadrunner-php/roadrunner-api-dto/generated/Temporal/Api/Cloud/PBNamespace/V1/FairnessSpec.php
vendor/roadrunner-php/roadrunner-api-dto/generated/Temporal/Api/Cloud/PBNamespace/V1/HighAvailabilitySpec.php
vendor/roadrunner-php/roadrunner-api-dto/generated/Temporal/Api/Cloud/PBNamespace/V1/LifecycleSpec.php
vendor/roadrunner-php/roadrunner-api-dto/generated/Temporal/Api/Cloud/PBNamespace/V1/Limits.php
vendor/roadrunner-php/roadrunner-api-dto/generated/Temporal/Api/Cloud/PBNamespace/V1/MtlsAuthSpec.php
vendor/roadrunner-php/roadrunner-api-dto/generated/Temporal/Api/Cloud/PBNamespace/V1/NamespaceCapacityInfo.php
vendor/roadrunner-php/roadrunner-api-dto/generated/Temporal/Api/Cloud/PBNamespace/V1/NamespaceCapacityInfo/CapacityModeOptions.php
vendor/roadrunner-php/roadrunner-api-dto/generated/Temporal/Api/Cloud/PBNamespace/V1/NamespaceCapacityInfo/CapacityModeOptions/OnDemand.php
vendor/roadrunner-php/roadrunner-api-dto/generated/Temporal/Api/Cloud/PBNamespace/V1/NamespaceCapacityInfo/CapacityModeOptions/Provisioned.php
vendor/roadrunner-php/roadrunner-api-dto/generated/Temporal/Api/Cloud/PBNamespace/V1/NamespaceCapacityInfo/Stats.php
vendor/roadrunner-php/roadrunner-api-dto/generated/Temporal/Api/Cloud/PBNamespace/V1/NamespaceCapacityInfo/Stats/Summary.php
vendor/roadrunner-php/roadrunner-api-dto/generated/Temporal/Api/Cloud/PBNamespace/V1/NamespaceRegionStatus.php
vendor/roadrunner-php/roadrunner-api-dto/generated/Temporal/Api/Cloud/PBNamespace/V1/NamespaceRegionStatus/State.php
vendor/roadrunner-php/roadrunner-api-dto/generated/Temporal/Api/Cloud/PBNamespace/V1/NamespaceSpec.php
vendor/roadrunner-php/roadrunner-api-dto/generated/Temporal/Api/Cloud/PBNamespace/V1/NamespaceSpec/SearchAttributeType.php
vendor/roadrunner-php/roadrunner-api-dto/generated/Temporal/Api/Cloud/PBNamespace/V1/PBNamespace.php
vendor/roadrunner-php/roadrunner-api-dto/generated/Temporal/Api/Cloud/PBNamespace/V1/PrivateConnectivity.php
vendor/roadrunner-php/roadrunner-api-dto/generated/Temporal/Api/Cloud/PBNamespace/V1/Replica.php
vendor/roadrunner-php/roadrunner-api-dto/generated/Temporal/Api/Cloud/PBNamespace/V1/Replica/ReplicaState.php
vendor/roadrunner-php/roadrunner-api-dto/generated/Temporal/Api/Cloud/PBNamespace/V1/ReplicaSpec.php
vendor/roadrunner-php/roadrunner-api-dto/generated/Temporal/Api/Cloud/Project/V1/LifecycleSpec.php
vendor/roadrunner-php/roadrunner-api-dto/generated/Temporal/Api/Cloud/Project/V1/Project.php
vendor/roadrunner-php/roadrunner-api-dto/generated/Temporal/Api/Cloud/Project/V1/ProjectSpec.php
vendor/roadrunner-php/roadrunner-api-dto/generated/Temporal/Api/Cloud/Region/V1/Region.php
vendor/roadrunner-php/roadrunner-api-dto/generated/Temporal/Api/Cloud/Region/V1/Region/CloudProvider.php
vendor/roadrunner-php/roadrunner-api-dto/generated/Temporal/Api/Cloud/Resource/V1/ResourceState.php
vendor/roadrunner-php/roadrunner-api-dto/generated/Temporal/Api/Cloud/Sink/V1/AzureBlobSpec.php
vendor/roadrunner-php/roadrunner-api-dto/generated/Temporal/Api/Cloud/Sink/V1/GCSSpec.php
vendor/roadrunner-php/roadrunner-api-dto/generated/Temporal/Api/Cloud/Sink/V1/KinesisSpec.php
vendor/roadrunner-php/roadrunner-api-dto/generated/Temporal/Api/Cloud/Sink/V1/PubSubSpec.php
vendor/roadrunner-php/roadrunner-api-dto/generated/Temporal/Api/Cloud/Sink/V1/S3Spec.php
vendor/roadrunner-php/roadrunner-api-dto/generated/Temporal/Api/Cloud/Usage/V1/GroupBy.php
vendor/roadrunner-php/roadrunner-api-dto/generated/Temporal/Api/Cloud/Usage/V1/GroupByKey.php
vendor/roadrunner-php/roadrunner-api-dto/generated/Temporal/Api/Cloud/Usage/V1/Record.php
vendor/roadrunner-php/roadrunner-api-dto/generated/Temporal/Api/Cloud/Usage/V1/RecordGroup.php
vendor/roadrunner-php/roadrunner-api-dto/generated/Temporal/Api/Cloud/Usage/V1/RecordType.php
vendor/roadrunner-php/roadrunner-api-dto/generated/Temporal/Api/Cloud/Usage/V1/RecordUnit.php
vendor/roadrunner-php/roadrunner-api-dto/generated/Temporal/Api/Cloud/Usage/V1/Summary.php
vendor/roadrunner-php/roadrunner-api-dto/generated/Temporal/Api/Command/V1/CancelTimerCommandAttributes.php
vendor/roadrunner-php/roadrunner-api-dto/generated/Temporal/Api/Command/V1/CancelWorkflowExecutionCommandAttributes.php
vendor/roadrunner-php/roadrunner-api-dto/generated/Temporal/Api/Command/V1/Command.php
vendor/roadrunner-php/roadrunner-api-dto/generated/Temporal/Api/Command/V1/CompleteWorkflowExecutionCommandAttributes.php
vendor/roadrunner-php/roadrunner-api-dto/generated/Temporal/Api/Command/V1/ContinueAsNewWorkflowExecutionCommandAttributes.php
vendor/roadrunner-php/roadrunner-api-dto/generated/Temporal/Api/Command/V1/FailWorkflowExecutionCommandAttributes.php
vendor/roadrunner-php/roadrunner-api-dto/generated/Temporal/Api/Command/V1/ModifyWorkflowPropertiesCommandAttributes.php
vendor/roadrunner-php/roadrunner-api-dto/generated/Temporal/Api/Command/V1/ProtocolMessageCommandAttributes.php
vendor/roadrunner-php/roadrunner-api-dto/generated/Temporal/Api/Command/V1/RecordMarkerCommandAttributes.php
vendor/roadrunner-php/roadrunner-api-dto/generated/Temporal/Api/Command/V1/RequestCancelActivityTaskCommandAttributes.php
vendor/roadrunner-php/roadrunner-api-dto/generated/Temporal/Api/Command/V1/RequestCancelExternalWorkflowExecutionCommandAttributes.php
vendor/roadrunner-php/roadrunner-api-dto/generated/Temporal/Api/Command/V1/RequestCancelNexusOperationCommandAttributes.php
vendor/roadrunner-php/roadrunner-api-dto/generated/Temporal/Api/Command/V1/ScheduleActivityTaskCommandAttributes.php
vendor/roadrunner-php/roadrunner-api-dto/generated/Temporal/Api/Command/V1/ScheduleNexusOperationCommandAttributes.php
vendor/roadrunner-php/roadrunner-api-dto/generated/Temporal/Api/Command/V1/SignalExternalWorkflowExecutionCommandAttributes.php
vendor/roadrunner-php/roadrunner-api-dto/generated/Temporal/Api/Command/V1/StartChildWorkflowExecutionCommandAttributes.php
vendor/roadrunner-php/roadrunner-api-dto/generated/Temporal/Api/Command/V1/StartTimerCommandAttributes.php
vendor/roadrunner-php/roadrunner-api-dto/generated/Temporal/Api/Command/V1/UpsertWorkflowSearchAttributesCommandAttributes.php
vendor/roadrunner-php/roadrunner-api-dto/generated/Temporal/Api/Common/V1/ActivityType.php
vendor/roadrunner-php/roadrunner-api-dto/generated/Temporal/Api/Common/V1/Callback.php
vendor/roadrunner-php/roadrunner-api-dto/generated/Temporal/Api/Common/V1/Callback/Internal.php
vendor/roadrunner-php/roadrunner-api-dto/generated/Temporal/Api/Common/V1/Callback/Nexus.php
vendor/roadrunner-php/roadrunner-api-dto/generated/Temporal/Api/Common/V1/Callback/NexusHandler.php
vendor/roadrunner-php/roadrunner-api-dto/generated/Temporal/Api/Common/V1/DataBlob.php
vendor/roadrunner-php/roadrunner-api-dto/generated/Temporal/Api/Common/V1/Execution.php
vendor/roadrunner-php/roadrunner-api-dto/generated/Temporal/Api/Common/V1/FastForwardConfig.php
vendor/roadrunner-php/roadrunner-api-dto/generated/Temporal/Api/Common/V1/Header.php
vendor/roadrunner-php/roadrunner-api-dto/generated/Temporal/Api/Common/V1/Link.php
vendor/roadrunner-php/roadrunner-api-dto/generated/Temporal/Api/Common/V1/Link/Activity.php
vendor/roadrunner-php/roadrunner-api-dto/generated/Temporal/Api/Common/V1/Link/BatchJob.php
vendor/roadrunner-php/roadrunner-api-dto/generated/Temporal/Api/Common/V1/Link/Callback.php
vendor/roadrunner-php/roadrunner-api-dto/generated/Temporal/Api/Common/V1/Link/NexusOperation.php
vendor/roadrunner-php/roadrunner-api-dto/generated/Temporal/Api/Common/V1/Link/Workflow.php
vendor/roadrunner-php/roadrunner-api-dto/generated/Temporal/Api/Common/V1/Link/WorkflowEvent.php
vendor/roadrunner-php/roadrunner-api-dto/generated/Temporal/Api/Common/V1/Link/WorkflowEvent/EventReference.php
vendor/roadrunner-php/roadrunner-api-dto/generated/Temporal/Api/Common/V1/Link/WorkflowEvent/RequestIdReference.php
vendor/roadrunner-php/roadrunner-api-dto/generated/Temporal/Api/Common/V1/Memo.php
vendor/roadrunner-php/roadrunner-api-dto/generated/Temporal/Api/Common/V1/MeteringMetadata.php
vendor/roadrunner-php/roadrunner-api-dto/generated/Temporal/Api/Common/V1/OnConflictOptions.php
vendor/roadrunner-php/roadrunner-api-dto/generated/Temporal/Api/Common/V1/Payload.php
vendor/roadrunner-php/roadrunner-api-dto/generated/Temporal/Api/Common/V1/Payload/ExternalPayloadDetails.php
vendor/roadrunner-php/roadrunner-api-dto/generated/Temporal/Api/Common/V1/Payloads.php
vendor/roadrunner-php/roadrunner-api-dto/generated/Temporal/Api/Common/V1/Principal.php
vendor/roadrunner-php/roadrunner-api-dto/generated/Temporal/Api/Common/V1/Priority.php
vendor/roadrunner-php/roadrunner-api-dto/generated/Temporal/Api/Common/V1/ResetOptions.php
vendor/roadrunner-php/roadrunner-api-dto/generated/Temporal/Api/Common/V1/RetryPolicy.php
vendor/roadrunner-php/roadrunner-api-dto/generated/Temporal/Api/Common/V1/SearchAttributes.php
vendor/roadrunner-php/roadrunner-api-dto/generated/Temporal/Api/Common/V1/TimeSkippingConfig.php
vendor/roadrunner-php/roadrunner-api-dto/generated/Temporal/Api/Common/V1/TimeSkippingFastForwardInfo.php
vendor/roadrunner-php/roadrunner-api-dto/generated/Temporal/Api/Common/V1/TimeSkippingInfo.php
vendor/roadrunner-php/roadrunner-api-dto/generated/Temporal/Api/Common/V1/TimeSkippingStatePropagation.php
vendor/roadrunner-php/roadrunner-api-dto/generated/Temporal/Api/Common/V1/WorkerSelector.php
vendor/roadrunner-php/roadrunner-api-dto/generated/Temporal/Api/Common/V1/WorkerVersionCapabilities.php
vendor/roadrunner-php/roadrunner-api-dto/generated/Temporal/Api/Common/V1/WorkerVersionStamp.php
vendor/roadrunner-php/roadrunner-api-dto/generated/Temporal/Api/Common/V1/WorkflowExecution.php
vendor/roadrunner-php/roadrunner-api-dto/generated/Temporal/Api/Common/V1/WorkflowType.php
vendor/roadrunner-php/roadrunner-api-dto/generated/Temporal/Api/Compute/V1/ComputeConfig.php
vendor/roadrunner-php/roadrunner-api-dto/generated/Temporal/Api/Compute/V1/ComputeConfigScalingGroup.php
vendor/roadrunner-php/roadrunner-api-dto/generated/Temporal/Api/Compute/V1/ComputeConfigScalingGroupSummary.php
vendor/roadrunner-php/roadrunner-api-dto/generated/Temporal/Api/Compute/V1/ComputeConfigScalingGroupUpdate.php
vendor/roadrunner-php/roadrunner-api-dto/generated/Temporal/Api/Compute/V1/ComputeConfigSummary.php
vendor/roadrunner-php/roadrunner-api-dto/generated/Temporal/Api/Compute/V1/ComputeProvider.php
vendor/roadrunner-php/roadrunner-api-dto/generated/Temporal/Api/Compute/V1/ComputeScaler.php
vendor/roadrunner-php/roadrunner-api-dto/generated/Temporal/Api/Deployment/V1/ComputeStatus.php
vendor/roadrunner-php/roadrunner-api-dto/generated/Temporal/Api/Deployment/V1/ComputeStatus/ProviderValidationStatus.php
vendor/roadrunner-php/roadrunner-api-dto/generated/Temporal/Api/Deployment/V1/Deployment.php
vendor/roadrunner-php/roadrunner-api-dto/generated/Temporal/Api/Deployment/V1/DeploymentInfo.php
vendor/roadrunner-php/roadrunner-api-dto/generated/Temporal/Api/Deployment/V1/DeploymentInfo/TaskQueueInfo.php
vendor/roadrunner-php/roadrunner-api-dto/generated/Temporal/Api/Deployment/V1/DeploymentListInfo.php
vendor/roadrunner-php/roadrunner-api-dto/generated/Temporal/Api/Deployment/V1/InheritedAutoUpgradeInfo.php
vendor/roadrunner-php/roadrunner-api-dto/generated/Temporal/Api/Deployment/V1/RoutingConfig.php
vendor/roadrunner-php/roadrunner-api-dto/generated/Temporal/Api/Deployment/V1/UpdateDeploymentMetadata.php
vendor/roadrunner-php/roadrunner-api-dto/generated/Temporal/Api/Deployment/V1/VersionDrainageInfo.php
vendor/roadrunner-php/roadrunner-api-dto/generated/Temporal/Api/Deployment/V1/VersionMetadata.php
vendor/roadrunner-php/roadrunner-api-dto/generated/Temporal/Api/Deployment/V1/WorkerDeploymentInfo.php
vendor/roadrunner-php/roadrunner-api-dto/generated/Temporal/Api/Deployment/V1/WorkerDeploymentInfo/WorkerDeploymentVersionSummary.php
vendor/roadrunner-php/roadrunner-api-dto/generated/Temporal/Api/Deployment/V1/WorkerDeploymentOptions.php
vendor/roadrunner-php/roadrunner-api-dto/generated/Temporal/Api/Deployment/V1/WorkerDeploymentVersion.php
vendor/roadrunner-php/roadrunner-api-dto/generated/Temporal/Api/Deployment/V1/WorkerDeploymentVersionInfo.php
vendor/roadrunner-php/roadrunner-api-dto/generated/Temporal/Api/Deployment/V1/WorkerDeploymentVersionInfo/VersionTaskQueueInfo.php
vendor/roadrunner-php/roadrunner-api-dto/generated/Temporal/Api/Enums/V1/ActivityExecutionStatus.php
vendor/roadrunner-php/roadrunner-api-dto/generated/Temporal/Api/Enums/V1/ActivityIdConflictPolicy.php
vendor/roadrunner-php/roadrunner-api-dto/generated/Temporal/Api/Enums/V1/ActivityIdReusePolicy.php
vendor/roadrunner-php/roadrunner-api-dto/generated/Temporal/Api/Enums/V1/ActivityTaskFailedCause.php
vendor/roadrunner-php/roadrunner-api-dto/generated/Temporal/Api/Enums/V1/ApplicationErrorCategory.php
vendor/roadrunner-php/roadrunner-api-dto/generated/Temporal/Api/Enums/V1/ArchivalState.php
vendor/roadrunner-php/roadrunner-api-dto/generated/Temporal/Api/Enums/V1/BatchOperationState.php
vendor/roadrunner-php/roadrunner-api-dto/generated/Temporal/Api/Enums/V1/BatchOperationType.php
vendor/roadrunner-php/roadrunner-api-dto/generated/Temporal/Api/Enums/V1/BuildIdTaskReachability.php
vendor/roadrunner-php/roadrunner-api-dto/generated/Temporal/Api/Enums/V1/CallbackState.php
vendor/roadrunner-php/roadrunner-api-dto/generated/Temporal/Api/Enums/V1/CancelExternalWorkflowExecutionFailedCause.php
vendor/roadrunner-php/roadrunner-api-dto/generated/Temporal/Api/Enums/V1/CommandType.php
vendor/roadrunner-php/roadrunner-api-dto/generated/Temporal/Api/Enums/V1/ContinueAsNewInitiator.php
vendor/roadrunner-php/roadrunner-api-dto/generated/Temporal/Api/Enums/V1/ContinueAsNewVersioningBehavior.php
vendor/roadrunner-php/roadrunner-api-dto/generated/Temporal/Api/Enums/V1/DeploymentReachability.php
vendor/roadrunner-php/roadrunner-api-dto/generated/Temporal/Api/Enums/V1/DescribeTaskQueueMode.php
vendor/roadrunner-php/roadrunner-api-dto/generated/Temporal/Api/Enums/V1/EncodingType.php
vendor/roadrunner-php/roadrunner-api-dto/generated/Temporal/Api/Enums/V1/EventType.php
vendor/roadrunner-php/roadrunner-api-dto/generated/Temporal/Api/Enums/V1/ExecutionType.php
vendor/roadrunner-php/roadrunner-api-dto/generated/Temporal/Api/Enums/V1/FastForwardPollingResult.php
vendor/roadrunner-php/roadrunner-api-dto/generated/Temporal/Api/Enums/V1/HistoryEventFilterType.php
vendor/roadrunner-php/roadrunner-api-dto/generated/Temporal/Api/Enums/V1/IndexedValueType.php
vendor/roadrunner-php/roadrunner-api-dto/generated/Temporal/Api/Enums/V1/NamespaceState.php
vendor/roadrunner-php/roadrunner-api-dto/generated/Temporal/Api/Enums/V1/NexusHandlerErrorRetryBehavior.php
vendor/roadrunner-php/roadrunner-api-dto/generated/Temporal/Api/Enums/V1/NexusOperationCancellationState.php
vendor/roadrunner-php/roadrunner-api-dto/generated/Temporal/Api/Enums/V1/NexusOperationExecutionStatus.php
vendor/roadrunner-php/roadrunner-api-dto/generated/Temporal/Api/Enums/V1/NexusOperationIdConflictPolicy.php
vendor/roadrunner-php/roadrunner-api-dto/generated/Temporal/Api/Enums/V1/NexusOperationIdReusePolicy.php
vendor/roadrunner-php/roadrunner-api-dto/generated/Temporal/Api/Enums/V1/NexusOperationWaitStage.php
vendor/roadrunner-php/roadrunner-api-dto/generated/Temporal/Api/Enums/V1/ParentClosePolicy.php
vendor/roadrunner-php/roadrunner-api-dto/generated/Temporal/Api/Enums/V1/PendingActivityState.php
vendor/roadrunner-php/roadrunner-api-dto/generated/Temporal/Api/Enums/V1/PendingNexusOperationState.php
vendor/roadrunner-php/roadrunner-api-dto/generated/Temporal/Api/Enums/V1/PendingWorkflowTaskState.php
vendor/roadrunner-php/roadrunner-api-dto/generated/Temporal/Api/Enums/V1/QueryRejectCondition.php
vendor/roadrunner-php/roadrunner-api-dto/generated/Temporal/Api/Enums/V1/QueryResultType.php
vendor/roadrunner-php/roadrunner-api-dto/generated/Temporal/Api/Enums/V1/RateLimitSource.php
vendor/roadrunner-php/roadrunner-api-dto/generated/Temporal/Api/Enums/V1/ReplicationState.php
vendor/roadrunner-php/roadrunner-api-dto/generated/Temporal/Api/Enums/V1/ResetReapplyExcludeType.php
vendor/roadrunner-php/roadrunner-api-dto/generated/Temporal/Api/Enums/V1/ResetReapplyType.php
vendor/roadrunner-php/roadrunner-api-dto/generated/Temporal/Api/Enums/V1/ResetType.php
vendor/roadrunner-php/roadrunner-api-dto/generated/Temporal/Api/Enums/V1/ResourceExhaustedCause.php
vendor/roadrunner-php/roadrunner-api-dto/generated/Temporal/Api/Enums/V1/ResourceExhaustedScope.php
vendor/roadrunner-php/roadrunner-api-dto/generated/Temporal/Api/Enums/V1/RetryState.php
vendor/roadrunner-php/roadrunner-api-dto/generated/Temporal/Api/Enums/V1/RoutingConfigUpdateState.php
vendor/roadrunner-php/roadrunner-api-dto/generated/Temporal/Api/Enums/V1/ScheduleOverlapPolicy.php
vendor/roadrunner-php/roadrunner-api-dto/generated/Temporal/Api/Enums/V1/Severity.php
vendor/roadrunner-php/roadrunner-api-dto/generated/Temporal/Api/Enums/V1/SignalExternalWorkflowExecutionFailedCause.php
vendor/roadrunner-php/roadrunner-api-dto/generated/Temporal/Api/Enums/V1/StartChildWorkflowExecutionFailedCause.php
vendor/roadrunner-php/roadrunner-api-dto/generated/Temporal/Api/Enums/V1/SuggestContinueAsNewReason.php
vendor/roadrunner-php/roadrunner-api-dto/generated/Temporal/Api/Enums/V1/TaskQueueKind.php
vendor/roadrunner-php/roadrunner-api-dto/generated/Temporal/Api/Enums/V1/TaskQueueType.php
vendor/roadrunner-php/roadrunner-api-dto/generated/Temporal/Api/Enums/V1/TaskReachability.php
vendor/roadrunner-php/roadrunner-api-dto/generated/Temporal/Api/Enums/V1/TimeoutType.php
vendor/roadrunner-php/roadrunner-api-dto/generated/Temporal/Api/Enums/V1/UpdateAdmittedEventOrigin.php
vendor/roadrunner-php/roadrunner-api-dto/generated/Temporal/Api/Enums/V1/UpdateRequestedEventOrigin.php
vendor/roadrunner-php/roadrunner-api-dto/generated/Temporal/Api/Enums/V1/UpdateWorkflowExecutionLifecycleStage.php
vendor/roadrunner-php/roadrunner-api-dto/generated/Temporal/Api/Enums/V1/VersionDrainageStatus.php
vendor/roadrunner-php/roadrunner-api-dto/generated/Temporal/Api/Enums/V1/VersioningBehavior.php
vendor/roadrunner-php/roadrunner-api-dto/generated/Temporal/Api/Enums/V1/WorkerDeploymentVersionStatus.php
vendor/roadrunner-php/roadrunner-api-dto/generated/Temporal/Api/Enums/V1/WorkerStatus.php
vendor/roadrunner-php/roadrunner-api-dto/generated/Temporal/Api/Enums/V1/WorkerVersioningMode.php
vendor/roadrunner-php/roadrunner-api-dto/generated/Temporal/Api/Enums/V1/WorkflowExecutionStatus.php
vendor/roadrunner-php/roadrunner-api-dto/generated/Temporal/Api/Enums/V1/WorkflowIdConflictPolicy.php
vendor/roadrunner-php/roadrunner-api-dto/generated/Temporal/Api/Enums/V1/WorkflowIdReusePolicy.php
vendor/roadrunner-php/roadrunner-api-dto/generated/Temporal/Api/Enums/V1/WorkflowRuleActionScope.php
vendor/roadrunner-php/roadrunner-api-dto/generated/Temporal/Api/Enums/V1/WorkflowTaskFailedCause.php
vendor/roadrunner-php/roadrunner-api-dto/generated/Temporal/Api/Errordetails/V1/ActivityExecutionAlreadyStartedFailure.php
vendor/roadrunner-php/roadrunner-api-dto/generated/Temporal/Api/Errordetails/V1/CancellationAlreadyRequestedFailure.php
vendor/roadrunner-php/roadrunner-api-dto/generated/Temporal/Api/Errordetails/V1/ClientVersionNotSupportedFailure.php
vendor/roadrunner-php/roadrunner-api-dto/generated/Temporal/Api/Errordetails/V1/MultiOperationExecutionFailure.php
vendor/roadrunner-php/roadrunner-api-dto/generated/Temporal/Api/Errordetails/V1/MultiOperationExecutionFailure/OperationStatus.php
vendor/roadrunner-php/roadrunner-api-dto/generated/Temporal/Api/Errordetails/V1/NamespaceAlreadyExistsFailure.php
vendor/roadrunner-php/roadrunner-api-dto/generated/Temporal/Api/Errordetails/V1/NamespaceInvalidStateFailure.php
vendor/roadrunner-php/roadrunner-api-dto/generated/Temporal/Api/Errordetails/V1/NamespaceNotActiveFailure.php
vendor/roadrunner-php/roadrunner-api-dto/generated/Temporal/Api/Errordetails/V1/NamespaceNotFoundFailure.php
vendor/roadrunner-php/roadrunner-api-dto/generated/Temporal/Api/Errordetails/V1/NamespaceUnavailableFailure.php
vendor/roadrunner-php/roadrunner-api-dto/generated/Temporal/Api/Errordetails/V1/NewerBuildExistsFailure.php
vendor/roadrunner-php/roadrunner-api-dto/generated/Temporal/Api/Errordetails/V1/NexusOperationExecutionAlreadyStartedFailure.php
vendor/roadrunner-php/roadrunner-api-dto/generated/Temporal/Api/Errordetails/V1/NotFoundFailure.php
vendor/roadrunner-php/roadrunner-api-dto/generated/Temporal/Api/Errordetails/V1/PermissionDeniedFailure.php
vendor/roadrunner-php/roadrunner-api-dto/generated/Temporal/Api/Errordetails/V1/QueryFailedFailure.php
vendor/roadrunner-php/roadrunner-api-dto/generated/Temporal/Api/Errordetails/V1/ResourceExhaustedFailure.php
vendor/roadrunner-php/roadrunner-api-dto/generated/Temporal/Api/Errordetails/V1/ServerVersionNotSupportedFailure.php
vendor/roadrunner-php/roadrunner-api-dto/generated/Temporal/Api/Errordetails/V1/SystemWorkflowFailure.php
vendor/roadrunner-php/roadrunner-api-dto/generated/Temporal/Api/Errordetails/V1/WorkflowExecutionAlreadyStartedFailure.php
vendor/roadrunner-php/roadrunner-api-dto/generated/Temporal/Api/Errordetails/V1/WorkflowNotReadyFailure.php
vendor/roadrunner-php/roadrunner-api-dto/generated/Temporal/Api/Errordetails/V1/WorkflowTaskCompletionBufferLostFailure.php
vendor/roadrunner-php/roadrunner-api-dto/generated/Temporal/Api/Export/V1/WorkflowExecution.php
vendor/roadrunner-php/roadrunner-api-dto/generated/Temporal/Api/Export/V1/WorkflowExecutions.php
vendor/roadrunner-php/roadrunner-api-dto/generated/Temporal/Api/Failure/V1/ActivityFailureInfo.php
vendor/roadrunner-php/roadrunner-api-dto/generated/Temporal/Api/Failure/V1/ApplicationFailureInfo.php
vendor/roadrunner-php/roadrunner-api-dto/generated/Temporal/Api/Failure/V1/CanceledFailureInfo.php
vendor/roadrunner-php/roadrunner-api-dto/generated/Temporal/Api/Failure/V1/ChildWorkflowExecutionFailureInfo.php
vendor/roadrunner-php/roadrunner-api-dto/generated/Temporal/Api/Failure/V1/Failure.php
vendor/roadrunner-php/roadrunner-api-dto/generated/Temporal/Api/Failure/V1/MultiOperationExecutionAborted.php
vendor/roadrunner-php/roadrunner-api-dto/generated/Temporal/Api/Failure/V1/NexusHandlerFailureInfo.php
vendor/roadrunner-php/roadrunner-api-dto/generated/Temporal/Api/Failure/V1/NexusOperationFailureInfo.php
vendor/roadrunner-php/roadrunner-api-dto/generated/Temporal/Api/Failure/V1/ResetWorkflowFailureInfo.php
vendor/roadrunner-php/roadrunner-api-dto/generated/Temporal/Api/Failure/V1/ServerFailureInfo.php
vendor/roadrunner-php/roadrunner-api-dto/generated/Temporal/Api/Failure/V1/TerminatedFailureInfo.php
vendor/roadrunner-php/roadrunner-api-dto/generated/Temporal/Api/Failure/V1/TimeoutFailureInfo.php
vendor/roadrunner-php/roadrunner-api-dto/generated/Temporal/Api/Filter/V1/StartTimeFilter.php
vendor/roadrunner-php/roadrunner-api-dto/generated/Temporal/Api/Filter/V1/StatusFilter.php
vendor/roadrunner-php/roadrunner-api-dto/generated/Temporal/Api/Filter/V1/WorkflowExecutionFilter.php
vendor/roadrunner-php/roadrunner-api-dto/generated/Temporal/Api/Filter/V1/WorkflowTypeFilter.php
vendor/roadrunner-php/roadrunner-api-dto/generated/Temporal/Api/History/V1/ActivityPropertiesModifiedExternallyEventAttributes.php
vendor/roadrunner-php/roadrunner-api-dto/generated/Temporal/Api/History/V1/ActivityTaskCancelRequestedEventAttributes.php
vendor/roadrunner-php/roadrunner-api-dto/generated/Temporal/Api/History/V1/ActivityTaskCanceledEventAttributes.php
vendor/roadrunner-php/roadrunner-api-dto/generated/Temporal/Api/History/V1/ActivityTaskCompletedEventAttributes.php
vendor/roadrunner-php/roadrunner-api-dto/generated/Temporal/Api/History/V1/ActivityTaskFailedEventAttributes.php
vendor/roadrunner-php/roadrunner-api-dto/generated/Temporal/Api/History/V1/ActivityTaskScheduledEventAttributes.php
vendor/roadrunner-php/roadrunner-api-dto/generated/Temporal/Api/History/V1/ActivityTaskStartedEventAttributes.php
vendor/roadrunner-php/roadrunner-api-dto/generated/Temporal/Api/History/V1/ActivityTaskTimedOutEventAttributes.php
vendor/roadrunner-php/roadrunner-api-dto/generated/Temporal/Api/History/V1/ChildWorkflowExecutionCanceledEventAttributes.php
vendor/roadrunner-php/roadrunner-api-dto/generated/Temporal/Api/History/V1/ChildWorkflowExecutionCompletedEventAttributes.php
vendor/roadrunner-php/roadrunner-api-dto/generated/Temporal/Api/History/V1/ChildWorkflowExecutionFailedEventAttributes.php
vendor/roadrunner-php/roadrunner-api-dto/generated/Temporal/Api/History/V1/ChildWorkflowExecutionStartedEventAttributes.php
vendor/roadrunner-php/roadrunner-api-dto/generated/Temporal/Api/History/V1/ChildWorkflowExecutionTerminatedEventAttributes.php
vendor/roadrunner-php/roadrunner-api-dto/generated/Temporal/Api/History/V1/ChildWorkflowExecutionTimedOutEventAttributes.php
vendor/roadrunner-php/roadrunner-api-dto/generated/Temporal/Api/History/V1/DeclinedTargetVersionUpgrade.php
vendor/roadrunner-php/roadrunner-api-dto/generated/Temporal/Api/History/V1/ExternalWorkflowExecutionCancelRequestedEventAttributes.php
vendor/roadrunner-php/roadrunner-api-dto/generated/Temporal/Api/History/V1/ExternalWorkflowExecutionSignaledEventAttributes.php
vendor/roadrunner-php/roadrunner-api-dto/generated/Temporal/Api/History/V1/History.php
vendor/roadrunner-php/roadrunner-api-dto/generated/Temporal/Api/History/V1/HistoryEvent.php
vendor/roadrunner-php/roadrunner-api-dto/generated/Temporal/Api/History/V1/MarkerRecordedEventAttributes.php
vendor/roadrunner-php/roadrunner-api-dto/generated/Temporal/Api/History/V1/NexusOperationCancelRequestCompletedEventAttributes.php
vendor/roadrunner-php/roadrunner-api-dto/generated/Temporal/Api/History/V1/NexusOperationCancelRequestFailedEventAttributes.php
vendor/roadrunner-php/roadrunner-api-dto/generated/Temporal/Api/History/V1/NexusOperationCancelRequestedEventAttributes.php
vendor/roadrunner-php/roadrunner-api-dto/generated/Temporal/Api/History/V1/NexusOperationCanceledEventAttributes.php
vendor/roadrunner-php/roadrunner-api-dto/generated/Temporal/Api/History/V1/NexusOperationCompletedEventAttributes.php
vendor/roadrunner-php/roadrunner-api-dto/generated/Temporal/Api/History/V1/NexusOperationFailedEventAttributes.php
vendor/roadrunner-php/roadrunner-api-dto/generated/Temporal/Api/History/V1/NexusOperationScheduledEventAttributes.php
vendor/roadrunner-php/roadrunner-api-dto/generated/Temporal/Api/History/V1/NexusOperationStartedEventAttributes.php
vendor/roadrunner-php/roadrunner-api-dto/generated/Temporal/Api/History/V1/NexusOperationTimedOutEventAttributes.php
vendor/roadrunner-php/roadrunner-api-dto/generated/Temporal/Api/History/V1/RequestCancelExternalWorkflowExecutionFailedEventAttributes.php
vendor/roadrunner-php/roadrunner-api-dto/generated/Temporal/Api/History/V1/RequestCancelExternalWorkflowExecutionInitiatedEventAttributes.php
vendor/roadrunner-php/roadrunner-api-dto/generated/Temporal/Api/History/V1/SignalExternalWorkflowExecutionFailedEventAttributes.php
vendor/roadrunner-php/roadrunner-api-dto/generated/Temporal/Api/History/V1/SignalExternalWorkflowExecutionInitiatedEventAttributes.php
vendor/roadrunner-php/roadrunner-api-dto/generated/Temporal/Api/History/V1/StartChildWorkflowExecutionFailedEventAttributes.php
vendor/roadrunner-php/roadrunner-api-dto/generated/Temporal/Api/History/V1/StartChildWorkflowExecutionInitiatedEventAttributes.php
vendor/roadrunner-php/roadrunner-api-dto/generated/Temporal/Api/History/V1/TimerCanceledEventAttributes.php
vendor/roadrunner-php/roadrunner-api-dto/generated/Temporal/Api/History/V1/TimerFiredEventAttributes.php
vendor/roadrunner-php/roadrunner-api-dto/generated/Temporal/Api/History/V1/TimerStartedEventAttributes.php
vendor/roadrunner-php/roadrunner-api-dto/generated/Temporal/Api/History/V1/UpsertWorkflowSearchAttributesEventAttributes.php
vendor/roadrunner-php/roadrunner-api-dto/generated/Temporal/Api/History/V1/WorkflowExecutionCancelRequestedEventAttributes.php
vendor/roadrunner-php/roadrunner-api-dto/generated/Temporal/Api/History/V1/WorkflowExecutionCanceledEventAttributes.php
vendor/roadrunner-php/roadrunner-api-dto/generated/Temporal/Api/History/V1/WorkflowExecutionCompletedEventAttributes.php
vendor/roadrunner-php/roadrunner-api-dto/generated/Temporal/Api/History/V1/WorkflowExecutionContinuedAsNewEventAttributes.php
vendor/roadrunner-php/roadrunner-api-dto/generated/Temporal/Api/History/V1/WorkflowExecutionFailedEventAttributes.php
vendor/roadrunner-php/roadrunner-api-dto/generated/Temporal/Api/History/V1/WorkflowExecutionOptionsUpdatedEventAttributes.php
vendor/roadrunner-php/roadrunner-api-dto/generated/Temporal/Api/History/V1/WorkflowExecutionOptionsUpdatedEventAttributes/WorkflowUpdateOptionsUpdate.php
vendor/roadrunner-php/roadrunner-api-dto/generated/Temporal/Api/History/V1/WorkflowExecutionPausedEventAttributes.php
vendor/roadrunner-php/roadrunner-api-dto/generated/Temporal/Api/History/V1/WorkflowExecutionSignaledEventAttributes.php
vendor/roadrunner-php/roadrunner-api-dto/generated/Temporal/Api/History/V1/WorkflowExecutionStartedEventAttributes.php
vendor/roadrunner-php/roadrunner-api-dto/generated/Temporal/Api/History/V1/WorkflowExecutionTerminatedEventAttributes.php
vendor/roadrunner-php/roadrunner-api-dto/generated/Temporal/Api/History/V1/WorkflowExecutionTimeSkippingTransitionedEventAttributes.php
vendor/roadrunner-php/roadrunner-api-dto/generated/Temporal/Api/History/V1/WorkflowExecutionTimedOutEventAttributes.php
vendor/roadrunner-php/roadrunner-api-dto/generated/Temporal/Api/History/V1/WorkflowExecutionUnpausedEventAttributes.php
vendor/roadrunner-php/roadrunner-api-dto/generated/Temporal/Api/History/V1/WorkflowExecutionUpdateAcceptedEventAttributes.php
vendor/roadrunner-php/roadrunner-api-dto/generated/Temporal/Api/History/V1/WorkflowExecutionUpdateAdmittedEventAttributes.php
vendor/roadrunner-php/roadrunner-api-dto/generated/Temporal/Api/History/V1/WorkflowExecutionUpdateCompletedEventAttributes.php
vendor/roadrunner-php/roadrunner-api-dto/generated/Temporal/Api/History/V1/WorkflowExecutionUpdateRejectedEventAttributes.php
vendor/roadrunner-php/roadrunner-api-dto/generated/Temporal/Api/History/V1/WorkflowExecutionUpdateRequestedEventAttributes.php
vendor/roadrunner-php/roadrunner-api-dto/generated/Temporal/Api/History/V1/WorkflowPropertiesModifiedEventAttributes.php
vendor/roadrunner-php/roadrunner-api-dto/generated/Temporal/Api/History/V1/WorkflowPropertiesModifiedExternallyEventAttributes.php
vendor/roadrunner-php/roadrunner-api-dto/generated/Temporal/Api/History/V1/WorkflowTaskCompletedEventAttributes.php
vendor/roadrunner-php/roadrunner-api-dto/generated/Temporal/Api/History/V1/WorkflowTaskFailedEventAttributes.php
vendor/roadrunner-php/roadrunner-api-dto/generated/Temporal/Api/History/V1/WorkflowTaskScheduledEventAttributes.php
vendor/roadrunner-php/roadrunner-api-dto/generated/Temporal/Api/History/V1/WorkflowTaskStartedEventAttributes.php
vendor/roadrunner-php/roadrunner-api-dto/generated/Temporal/Api/History/V1/WorkflowTaskTimedOutEventAttributes.php
vendor/roadrunner-php/roadrunner-api-dto/generated/Temporal/Api/Nexus/V1/CancelOperationRequest.php
vendor/roadrunner-php/roadrunner-api-dto/generated/Temporal/Api/Nexus/V1/CancelOperationResponse.php
vendor/roadrunner-php/roadrunner-api-dto/generated/Temporal/Api/Nexus/V1/Endpoint.php
vendor/roadrunner-php/roadrunner-api-dto/generated/Temporal/Api/Nexus/V1/EndpointSpec.php
vendor/roadrunner-php/roadrunner-api-dto/generated/Temporal/Api/Nexus/V1/EndpointTarget.php
vendor/roadrunner-php/roadrunner-api-dto/generated/Temporal/Api/Nexus/V1/EndpointTarget/External.php
vendor/roadrunner-php/roadrunner-api-dto/generated/Temporal/Api/Nexus/V1/EndpointTarget/Worker.php
vendor/roadrunner-php/roadrunner-api-dto/generated/Temporal/Api/Nexus/V1/Failure.php
vendor/roadrunner-php/roadrunner-api-dto/generated/Temporal/Api/Nexus/V1/HandlerError.php
vendor/roadrunner-php/roadrunner-api-dto/generated/Temporal/Api/Nexus/V1/IncomingService.php
vendor/roadrunner-php/roadrunner-api-dto/generated/Temporal/Api/Nexus/V1/IncomingServiceSpec.php
vendor/roadrunner-php/roadrunner-api-dto/generated/Temporal/Api/Nexus/V1/Link.php
vendor/roadrunner-php/roadrunner-api-dto/generated/Temporal/Api/Nexus/V1/NexusOperationExecutionCancellationInfo.php
vendor/roadrunner-php/roadrunner-api-dto/generated/Temporal/Api/Nexus/V1/NexusOperationExecutionInfo.php
vendor/roadrunner-php/roadrunner-api-dto/generated/Temporal/Api/Nexus/V1/NexusOperationExecutionListInfo.php
vendor/roadrunner-php/roadrunner-api-dto/generated/Temporal/Api/Nexus/V1/OutgoingService.php
vendor/roadrunner-php/roadrunner-api-dto/generated/Temporal/Api/Nexus/V1/OutgoingServiceSpec.php
vendor/roadrunner-php/roadrunner-api-dto/generated/Temporal/Api/Nexus/V1/Request.php
vendor/roadrunner-php/roadrunner-api-dto/generated/Temporal/Api/Nexus/V1/Request/Capabilities.php
vendor/roadrunner-php/roadrunner-api-dto/generated/Temporal/Api/Nexus/V1/Response.php
vendor/roadrunner-php/roadrunner-api-dto/generated/Temporal/Api/Nexus/V1/StartOperationRequest.php
vendor/roadrunner-php/roadrunner-api-dto/generated/Temporal/Api/Nexus/V1/StartOperationResponse.php
vendor/roadrunner-php/roadrunner-api-dto/generated/Temporal/Api/Nexus/V1/StartOperationResponse/Async.php
vendor/roadrunner-php/roadrunner-api-dto/generated/Temporal/Api/Nexus/V1/StartOperationResponse/Sync.php
vendor/roadrunner-php/roadrunner-api-dto/generated/Temporal/Api/Nexus/V1/UnsuccessfulOperationError.php
vendor/roadrunner-php/roadrunner-api-dto/generated/Temporal/Api/Nexusoperation/V1/CallbackInfo.php
vendor/roadrunner-php/roadrunner-api-dto/generated/Temporal/Api/Nexusoperation/V1/CallbackInfo/OperationCompleted.php
vendor/roadrunner-php/roadrunner-api-dto/generated/Temporal/Api/Nexusoperation/V1/CallbackInfo/Trigger.php
vendor/roadrunner-php/roadrunner-api-dto/generated/Temporal/Api/Nexusoperation/V1/OnConflictOptions.php
vendor/roadrunner-php/roadrunner-api-dto/generated/Temporal/Api/Nexusservices/Workerservice/V1/ExecuteCommandsRequest.php
vendor/roadrunner-php/roadrunner-api-dto/generated/Temporal/Api/Nexusservices/Workerservice/V1/ExecuteCommandsResponse.php
vendor/roadrunner-php/roadrunner-api-dto/generated/Temporal/Api/Notificationservice/V1/OnCompleteRequest.php
vendor/roadrunner-php/roadrunner-api-dto/generated/Temporal/Api/Notificationservice/V1/OnCompleteResponse.php
vendor/roadrunner-php/roadrunner-api-dto/generated/Temporal/Api/Operatorservice/V1/AddOrUpdateRemoteClusterRequest.php
vendor/roadrunner-php/roadrunner-api-dto/generated/Temporal/Api/Operatorservice/V1/AddOrUpdateRemoteClusterResponse.php
vendor/roadrunner-php/roadrunner-api-dto/generated/Temporal/Api/Operatorservice/V1/AddSearchAttributesRequest.php
vendor/roadrunner-php/roadrunner-api-dto/generated/Temporal/Api/Operatorservice/V1/AddSearchAttributesResponse.php
vendor/roadrunner-php/roadrunner-api-dto/generated/Temporal/Api/Operatorservice/V1/ClusterMetadata.php
vendor/roadrunner-php/roadrunner-api-dto/generated/Temporal/Api/Operatorservice/V1/CreateNexusEndpointRequest.php
vendor/roadrunner-php/roadrunner-api-dto/generated/Temporal/Api/Operatorservice/V1/CreateNexusEndpointResponse.php
vendor/roadrunner-php/roadrunner-api-dto/generated/Temporal/Api/Operatorservice/V1/CreateNexusIncomingServiceRequest.php
vendor/roadrunner-php/roadrunner-api-dto/generated/Temporal/Api/Operatorservice/V1/CreateNexusIncomingServiceResponse.php
vendor/roadrunner-php/roadrunner-api-dto/generated/Temporal/Api/Operatorservice/V1/CreateNexusOutgoingServiceRequest.php
vendor/roadrunner-php/roadrunner-api-dto/generated/Temporal/Api/Operatorservice/V1/CreateNexusOutgoingServiceResponse.php
vendor/roadrunner-php/roadrunner-api-dto/generated/Temporal/Api/Operatorservice/V1/CreateOrUpdateNexusIncomingServiceRequest.php
vendor/roadrunner-php/roadrunner-api-dto/generated/Temporal/Api/Operatorservice/V1/CreateOrUpdateNexusIncomingServiceResponse.php
vendor/roadrunner-php/roadrunner-api-dto/generated/Temporal/Api/Operatorservice/V1/DeleteNamespaceRequest.php
vendor/roadrunner-php/roadrunner-api-dto/generated/Temporal/Api/Operatorservice/V1/DeleteNamespaceResponse.php
vendor/roadrunner-php/roadrunner-api-dto/generated/Temporal/Api/Operatorservice/V1/DeleteNexusEndpointRequest.php
vendor/roadrunner-php/roadrunner-api-dto/generated/Temporal/Api/Operatorservice/V1/DeleteNexusEndpointResponse.php
vendor/roadrunner-php/roadrunner-api-dto/generated/Temporal/Api/Operatorservice/V1/DeleteNexusIncomingServiceRequest.php
vendor/roadrunner-php/roadrunner-api-dto/generated/Temporal/Api/Operatorservice/V1/DeleteNexusIncomingServiceResponse.php
vendor/roadrunner-php/roadrunner-api-dto/generated/Temporal/Api/Operatorservice/V1/DeleteNexusOutgoingServiceRequest.php
vendor/roadrunner-php/roadrunner-api-dto/generated/Temporal/Api/Operatorservice/V1/DeleteNexusOutgoingServiceResponse.php
vendor/roadrunner-php/roadrunner-api-dto/generated/Temporal/Api/Operatorservice/V1/GetNexusEndpointRequest.php
vendor/roadrunner-php/roadrunner-api-dto/generated/Temporal/Api/Operatorservice/V1/GetNexusEndpointResponse.php
vendor/roadrunner-php/roadrunner-api-dto/generated/Temporal/Api/Operatorservice/V1/GetNexusIncomingServiceRequest.php
vendor/roadrunner-php/roadrunner-api-dto/generated/Temporal/Api/Operatorservice/V1/GetNexusIncomingServiceResponse.php
vendor/roadrunner-php/roadrunner-api-dto/generated/Temporal/Api/Operatorservice/V1/GetNexusOutgoingServiceRequest.php
vendor/roadrunner-php/roadrunner-api-dto/generated/Temporal/Api/Operatorservice/V1/GetNexusOutgoingServiceResponse.php
vendor/roadrunner-php/roadrunner-api-dto/generated/Temporal/Api/Operatorservice/V1/ListClustersRequest.php
vendor/roadrunner-php/roadrunner-api-dto/generated/Temporal/Api/Operatorservice/V1/ListClustersResponse.php
vendor/roadrunner-php/roadrunner-api-dto/generated/Temporal/Api/Operatorservice/V1/ListNexusEndpointsRequest.php
vendor/roadrunner-php/roadrunner-api-dto/generated/Temporal/Api/Operatorservice/V1/ListNexusEndpointsResponse.php
vendor/roadrunner-php/roadrunner-api-dto/generated/Temporal/Api/Operatorservice/V1/ListNexusIncomingServicesRequest.php
vendor/roadrunner-php/roadrunner-api-dto/generated/Temporal/Api/Operatorservice/V1/ListNexusIncomingServicesResponse.php
vendor/roadrunner-php/roadrunner-api-dto/generated/Temporal/Api/Operatorservice/V1/ListNexusOutgoingServicesRequest.php
vendor/roadrunner-php/roadrunner-api-dto/generated/Temporal/Api/Operatorservice/V1/ListNexusOutgoingServicesResponse.php
vendor/roadrunner-php/roadrunner-api-dto/generated/Temporal/Api/Operatorservice/V1/ListSearchAttributesRequest.php
vendor/roadrunner-php/roadrunner-api-dto/generated/Temporal/Api/Operatorservice/V1/ListSearchAttributesResponse.php
vendor/roadrunner-php/roadrunner-api-dto/generated/Temporal/Api/Operatorservice/V1/OperatorServiceClient.php
vendor/roadrunner-php/roadrunner-api-dto/generated/Temporal/Api/Operatorservice/V1/RemoveRemoteClusterRequest.php
vendor/roadrunner-php/roadrunner-api-dto/generated/Temporal/Api/Operatorservice/V1/RemoveRemoteClusterResponse.php
vendor/roadrunner-php/roadrunner-api-dto/generated/Temporal/Api/Operatorservice/V1/RemoveSearchAttributesRequest.php
vendor/roadrunner-php/roadrunner-api-dto/generated/Temporal/Api/Operatorservice/V1/RemoveSearchAttributesResponse.php
vendor/roadrunner-php/roadrunner-api-dto/generated/Temporal/Api/Operatorservice/V1/UpdateNexusEndpointRequest.php
vendor/roadrunner-php/roadrunner-api-dto/generated/Temporal/Api/Operatorservice/V1/UpdateNexusEndpointResponse.php
vendor/roadrunner-php/roadrunner-api-dto/generated/Temporal/Api/Operatorservice/V1/UpdateNexusIncomingServiceRequest.php
vendor/roadrunner-php/roadrunner-api-dto/generated/Temporal/Api/Operatorservice/V1/UpdateNexusIncomingServiceResponse.php
vendor/roadrunner-php/roadrunner-api-dto/generated/Temporal/Api/Operatorservice/V1/UpdateNexusOutgoingServiceRequest.php
vendor/roadrunner-php/roadrunner-api-dto/generated/Temporal/Api/Operatorservice/V1/UpdateNexusOutgoingServiceResponse.php
vendor/roadrunner-php/roadrunner-api-dto/generated/Temporal/Api/PBNamespace/V1/BadBinaries.php
vendor/roadrunner-php/roadrunner-api-dto/generated/Temporal/Api/PBNamespace/V1/BadBinaryInfo.php
vendor/roadrunner-php/roadrunner-api-dto/generated/Temporal/Api/PBNamespace/V1/NamespaceConfig.php
vendor/roadrunner-php/roadrunner-api-dto/generated/Temporal/Api/PBNamespace/V1/NamespaceFilter.php
vendor/roadrunner-php/roadrunner-api-dto/generated/Temporal/Api/PBNamespace/V1/NamespaceInfo.php
vendor/roadrunner-php/roadrunner-api-dto/generated/Temporal/Api/PBNamespace/V1/NamespaceInfo/Capabilities.php
vendor/roadrunner-php/roadrunner-api-dto/generated/Temporal/Api/PBNamespace/V1/NamespaceInfo/Limits.php
vendor/roadrunner-php/roadrunner-api-dto/generated/Temporal/Api/PBNamespace/V1/UpdateNamespaceInfo.php
vendor/roadrunner-php/roadrunner-api-dto/generated/Temporal/Api/Protocol/V1/Message.php
vendor/roadrunner-php/roadrunner-api-dto/generated/Temporal/Api/Protometa/V1/RequestHeaderAnnotation.php
vendor/roadrunner-php/roadrunner-api-dto/generated/Temporal/Api/Query/V1/QueryRejected.php
vendor/roadrunner-php/roadrunner-api-dto/generated/Temporal/Api/Query/V1/WorkflowQuery.php
vendor/roadrunner-php/roadrunner-api-dto/generated/Temporal/Api/Query/V1/WorkflowQueryResult.php
vendor/roadrunner-php/roadrunner-api-dto/generated/Temporal/Api/Replication/V1/ClusterReplicationConfig.php
vendor/roadrunner-php/roadrunner-api-dto/generated/Temporal/Api/Replication/V1/FailoverStatus.php
vendor/roadrunner-php/roadrunner-api-dto/generated/Temporal/Api/Replication/V1/NamespaceReplicationConfig.php
vendor/roadrunner-php/roadrunner-api-dto/generated/Temporal/Api/Rules/V1/WorkflowRule.php
vendor/roadrunner-php/roadrunner-api-dto/generated/Temporal/Api/Rules/V1/WorkflowRuleAction.php
vendor/roadrunner-php/roadrunner-api-dto/generated/Temporal/Api/Rules/V1/WorkflowRuleAction/ActionActivityPause.php
vendor/roadrunner-php/roadrunner-api-dto/generated/Temporal/Api/Rules/V1/WorkflowRuleSpec.php
vendor/roadrunner-php/roadrunner-api-dto/generated/Temporal/Api/Rules/V1/WorkflowRuleSpec/ActivityStartingTrigger.php
vendor/roadrunner-php/roadrunner-api-dto/generated/Temporal/Api/Schedule/V1/BackfillRequest.php
vendor/roadrunner-php/roadrunner-api-dto/generated/Temporal/Api/Schedule/V1/CalendarSpec.php
vendor/roadrunner-php/roadrunner-api-dto/generated/Temporal/Api/Schedule/V1/IntervalSpec.php
vendor/roadrunner-php/roadrunner-api-dto/generated/Temporal/Api/Schedule/V1/Range.php
vendor/roadrunner-php/roadrunner-api-dto/generated/Temporal/Api/Schedule/V1/Schedule.php
vendor/roadrunner-php/roadrunner-api-dto/generated/Temporal/Api/Schedule/V1/ScheduleAction.php
vendor/roadrunner-php/roadrunner-api-dto/generated/Temporal/Api/Schedule/V1/ScheduleActionResult.php
vendor/roadrunner-php/roadrunner-api-dto/generated/Temporal/Api/Schedule/V1/ScheduleInfo.php
vendor/roadrunner-php/roadrunner-api-dto/generated/Temporal/Api/Schedule/V1/ScheduleListEntry.php
vendor/roadrunner-php/roadrunner-api-dto/generated/Temporal/Api/Schedule/V1/ScheduleListInfo.php
vendor/roadrunner-php/roadrunner-api-dto/generated/Temporal/Api/Schedule/V1/SchedulePatch.php
vendor/roadrunner-php/roadrunner-api-dto/generated/Temporal/Api/Schedule/V1/SchedulePolicies.php
vendor/roadrunner-php/roadrunner-api-dto/generated/Temporal/Api/Schedule/V1/ScheduleSpec.php
vendor/roadrunner-php/roadrunner-api-dto/generated/Temporal/Api/Schedule/V1/ScheduleState.php
vendor/roadrunner-php/roadrunner-api-dto/generated/Temporal/Api/Schedule/V1/StructuredCalendarSpec.php
vendor/roadrunner-php/roadrunner-api-dto/generated/Temporal/Api/Schedule/V1/TriggerImmediatelyRequest.php
vendor/roadrunner-php/roadrunner-api-dto/generated/Temporal/Api/Sdk/V1/EnhancedStackTrace.php
vendor/roadrunner-php/roadrunner-api-dto/generated/Temporal/Api/Sdk/V1/EventGroupMarker.php
vendor/roadrunner-php/roadrunner-api-dto/generated/Temporal/Api/Sdk/V1/EventGroupMarker/InboundEvent.php
vendor/roadrunner-php/roadrunner-api-dto/generated/Temporal/Api/Sdk/V1/EventGroupMarker/InboundUpdate.php
vendor/roadrunner-php/roadrunner-api-dto/generated/Temporal/Api/Sdk/V1/EventGroupMarker/Label.php
vendor/roadrunner-php/roadrunner-api-dto/generated/Temporal/Api/Sdk/V1/ExternalStorageReference.php
vendor/roadrunner-php/roadrunner-api-dto/generated/Temporal/Api/Sdk/V1/StackTrace.php
vendor/roadrunner-php/roadrunner-api-dto/generated/Temporal/Api/Sdk/V1/StackTraceFileLocation.php
vendor/roadrunner-php/roadrunner-api-dto/generated/Temporal/Api/Sdk/V1/StackTraceFileSlice.php
vendor/roadrunner-php/roadrunner-api-dto/generated/Temporal/Api/Sdk/V1/StackTraceSDKInfo.php
vendor/roadrunner-php/roadrunner-api-dto/generated/Temporal/Api/Sdk/V1/UserMetadata.php
vendor/roadrunner-php/roadrunner-api-dto/generated/Temporal/Api/Sdk/V1/WorkerConfig.php
vendor/roadrunner-php/roadrunner-api-dto/generated/Temporal/Api/Sdk/V1/WorkerConfig/AutoscalingPollerBehavior.php
vendor/roadrunner-php/roadrunner-api-dto/generated/Temporal/Api/Sdk/V1/WorkerConfig/SimplePollerBehavior.php
vendor/roadrunner-php/roadrunner-api-dto/generated/Temporal/Api/Sdk/V1/WorkflowDefinition.php
vendor/roadrunner-php/roadrunner-api-dto/generated/Temporal/Api/Sdk/V1/WorkflowInteractionDefinition.php
vendor/roadrunner-php/roadrunner-api-dto/generated/Temporal/Api/Sdk/V1/WorkflowMetadata.php
vendor/roadrunner-php/roadrunner-api-dto/generated/Temporal/Api/Sdk/V1/WorkflowTaskCompletedMetadata.php
vendor/roadrunner-php/roadrunner-api-dto/generated/Temporal/Api/Taskqueue/V1/BuildIdAssignmentRule.php
vendor/roadrunner-php/roadrunner-api-dto/generated/Temporal/Api/Taskqueue/V1/BuildIdReachability.php
vendor/roadrunner-php/roadrunner-api-dto/generated/Temporal/Api/Taskqueue/V1/CompatibleBuildIdRedirectRule.php
vendor/roadrunner-php/roadrunner-api-dto/generated/Temporal/Api/Taskqueue/V1/CompatibleVersionSet.php
vendor/roadrunner-php/roadrunner-api-dto/generated/Temporal/Api/Taskqueue/V1/ConfigMetadata.php
vendor/roadrunner-php/roadrunner-api-dto/generated/Temporal/Api/Taskqueue/V1/PollerGroupInfo.php
vendor/roadrunner-php/roadrunner-api-dto/generated/Temporal/Api/Taskqueue/V1/PollerGroupsInfo.php
vendor/roadrunner-php/roadrunner-api-dto/generated/Temporal/Api/Taskqueue/V1/PollerInfo.php
vendor/roadrunner-php/roadrunner-api-dto/generated/Temporal/Api/Taskqueue/V1/PollerScalingDecision.php
vendor/roadrunner-php/roadrunner-api-dto/generated/Temporal/Api/Taskqueue/V1/RampByPercentage.php
vendor/roadrunner-php/roadrunner-api-dto/generated/Temporal/Api/Taskqueue/V1/RateLimit.php
vendor/roadrunner-php/roadrunner-api-dto/generated/Temporal/Api/Taskqueue/V1/RateLimitConfig.php
vendor/roadrunner-php/roadrunner-api-dto/generated/Temporal/Api/Taskqueue/V1/StickyExecutionAttributes.php
vendor/roadrunner-php/roadrunner-api-dto/generated/Temporal/Api/Taskqueue/V1/TaskIdBlock.php
vendor/roadrunner-php/roadrunner-api-dto/generated/Temporal/Api/Taskqueue/V1/TaskQueue.php
vendor/roadrunner-php/roadrunner-api-dto/generated/Temporal/Api/Taskqueue/V1/TaskQueueConfig.php
vendor/roadrunner-php/roadrunner-api-dto/generated/Temporal/Api/Taskqueue/V1/TaskQueueMetadata.php
vendor/roadrunner-php/roadrunner-api-dto/generated/Temporal/Api/Taskqueue/V1/TaskQueuePartitionMetadata.php
vendor/roadrunner-php/roadrunner-api-dto/generated/Temporal/Api/Taskqueue/V1/TaskQueueReachability.php
vendor/roadrunner-php/roadrunner-api-dto/generated/Temporal/Api/Taskqueue/V1/TaskQueueStats.php
vendor/roadrunner-php/roadrunner-api-dto/generated/Temporal/Api/Taskqueue/V1/TaskQueueStatus.php
vendor/roadrunner-php/roadrunner-api-dto/generated/Temporal/Api/Taskqueue/V1/TaskQueueTypeInfo.php
vendor/roadrunner-php/roadrunner-api-dto/generated/Temporal/Api/Taskqueue/V1/TaskQueueVersionInfo.php
vendor/roadrunner-php/roadrunner-api-dto/generated/Temporal/Api/Taskqueue/V1/TaskQueueVersionSelection.php
vendor/roadrunner-php/roadrunner-api-dto/generated/Temporal/Api/Taskqueue/V1/TaskQueueVersioningInfo.php
vendor/roadrunner-php/roadrunner-api-dto/generated/Temporal/Api/Taskqueue/V1/TimestampedBuildIdAssignmentRule.php
vendor/roadrunner-php/roadrunner-api-dto/generated/Temporal/Api/Taskqueue/V1/TimestampedCompatibleBuildIdRedirectRule.php
vendor/roadrunner-php/roadrunner-api-dto/generated/Temporal/Api/Update/V1/Acceptance.php
vendor/roadrunner-php/roadrunner-api-dto/generated/Temporal/Api/Update/V1/Input.php
vendor/roadrunner-php/roadrunner-api-dto/generated/Temporal/Api/Update/V1/Meta.php
vendor/roadrunner-php/roadrunner-api-dto/generated/Temporal/Api/Update/V1/Outcome.php
vendor/roadrunner-php/roadrunner-api-dto/generated/Temporal/Api/Update/V1/Rejection.php
vendor/roadrunner-php/roadrunner-api-dto/generated/Temporal/Api/Update/V1/Request.php
vendor/roadrunner-php/roadrunner-api-dto/generated/Temporal/Api/Update/V1/Response.php
vendor/roadrunner-php/roadrunner-api-dto/generated/Temporal/Api/Update/V1/UpdateRef.php
vendor/roadrunner-php/roadrunner-api-dto/generated/Temporal/Api/Update/V1/WaitPolicy.php
vendor/roadrunner-php/roadrunner-api-dto/generated/Temporal/Api/Version/V1/Alert.php
vendor/roadrunner-php/roadrunner-api-dto/generated/Temporal/Api/Version/V1/ReleaseInfo.php
vendor/roadrunner-php/roadrunner-api-dto/generated/Temporal/Api/Version/V1/VersionInfo.php
vendor/roadrunner-php/roadrunner-api-dto/generated/Temporal/Api/Worker/V1/CancelActivityCommand.php
vendor/roadrunner-php/roadrunner-api-dto/generated/Temporal/Api/Worker/V1/CancelActivityResult.php
vendor/roadrunner-php/roadrunner-api-dto/generated/Temporal/Api/Worker/V1/EnvironmentInfo.php
vendor/roadrunner-php/roadrunner-api-dto/generated/Temporal/Api/Worker/V1/EnvironmentInfo/Architecture.php
vendor/roadrunner-php/roadrunner-api-dto/generated/Temporal/Api/Worker/V1/EnvironmentInfo/HostingEnvironment.php
vendor/roadrunner-php/roadrunner-api-dto/generated/Temporal/Api/Worker/V1/EnvironmentInfo/HostingEnvironment/HostingEnvironmentType.php
vendor/roadrunner-php/roadrunner-api-dto/generated/Temporal/Api/Worker/V1/EnvironmentInfo/LinuxPlatform.php
vendor/roadrunner-php/roadrunner-api-dto/generated/Temporal/Api/Worker/V1/EnvironmentInfo/LinuxPlatform/Libc.php
vendor/roadrunner-php/roadrunner-api-dto/generated/Temporal/Api/Worker/V1/EnvironmentInfo/MacOSPlatform.php
vendor/roadrunner-php/roadrunner-api-dto/generated/Temporal/Api/Worker/V1/EnvironmentInfo/Platform.php
vendor/roadrunner-php/roadrunner-api-dto/generated/Temporal/Api/Worker/V1/EnvironmentInfo/Runtime.php
vendor/roadrunner-php/roadrunner-api-dto/generated/Temporal/Api/Worker/V1/EnvironmentInfo/Runtime/RuntimeType.php
vendor/roadrunner-php/roadrunner-api-dto/generated/Temporal/Api/Worker/V1/EnvironmentInfo/WindowsPlatform.php
vendor/roadrunner-php/roadrunner-api-dto/generated/Temporal/Api/Worker/V1/EnvironmentInfo/WindowsPlatform/Crt.php
vendor/roadrunner-php/roadrunner-api-dto/generated/Temporal/Api/Worker/V1/PluginInfo.php
vendor/roadrunner-php/roadrunner-api-dto/generated/Temporal/Api/Worker/V1/StorageDriverInfo.php
vendor/roadrunner-php/roadrunner-api-dto/generated/Temporal/Api/Worker/V1/WorkerCommand.php
vendor/roadrunner-php/roadrunner-api-dto/generated/Temporal/Api/Worker/V1/WorkerCommandResult.php
vendor/roadrunner-php/roadrunner-api-dto/generated/Temporal/Api/Worker/V1/WorkerHeartbeat.php
vendor/roadrunner-php/roadrunner-api-dto/generated/Temporal/Api/Worker/V1/WorkerHostInfo.php
vendor/roadrunner-php/roadrunner-api-dto/generated/Temporal/Api/Worker/V1/WorkerInfo.php
vendor/roadrunner-php/roadrunner-api-dto/generated/Temporal/Api/Worker/V1/WorkerListInfo.php
vendor/roadrunner-php/roadrunner-api-dto/generated/Temporal/Api/Worker/V1/WorkerPollerInfo.php
vendor/roadrunner-php/roadrunner-api-dto/generated/Temporal/Api/Worker/V1/WorkerSlotsInfo.php
vendor/roadrunner-php/roadrunner-api-dto/generated/Temporal/Api/Workflow/V1/CallbackInfo.php
vendor/roadrunner-php/roadrunner-api-dto/generated/Temporal/Api/Workflow/V1/CallbackInfo/Trigger.php
vendor/roadrunner-php/roadrunner-api-dto/generated/Temporal/Api/Workflow/V1/CallbackInfo/UpdateWorkflowExecutionCompleted.php
vendor/roadrunner-php/roadrunner-api-dto/generated/Temporal/Api/Workflow/V1/CallbackInfo/WorkflowClosed.php
vendor/roadrunner-php/roadrunner-api-dto/generated/Temporal/Api/Workflow/V1/DeploymentTransition.php
vendor/roadrunner-php/roadrunner-api-dto/generated/Temporal/Api/Workflow/V1/DeploymentVersionTransition.php
vendor/roadrunner-php/roadrunner-api-dto/generated/Temporal/Api/Workflow/V1/NewWorkflowExecutionInfo.php
vendor/roadrunner-php/roadrunner-api-dto/generated/Temporal/Api/Workflow/V1/NexusOperationCancellationInfo.php
vendor/roadrunner-php/roadrunner-api-dto/generated/Temporal/Api/Workflow/V1/OnConflictOptions.php
vendor/roadrunner-php/roadrunner-api-dto/generated/Temporal/Api/Workflow/V1/PendingActivityInfo.php
vendor/roadrunner-php/roadrunner-api-dto/generated/Temporal/Api/Workflow/V1/PendingActivityInfo/PauseInfo.php
vendor/roadrunner-php/roadrunner-api-dto/generated/Temporal/Api/Workflow/V1/PendingActivityInfo/PauseInfo/Manual.php
vendor/roadrunner-php/roadrunner-api-dto/generated/Temporal/Api/Workflow/V1/PendingActivityInfo/PauseInfo/Rule.php
vendor/roadrunner-php/roadrunner-api-dto/generated/Temporal/Api/Workflow/V1/PendingChildExecutionInfo.php
vendor/roadrunner-php/roadrunner-api-dto/generated/Temporal/Api/Workflow/V1/PendingNexusOperationInfo.php
vendor/roadrunner-php/roadrunner-api-dto/generated/Temporal/Api/Workflow/V1/PendingWorkflowTaskInfo.php
vendor/roadrunner-php/roadrunner-api-dto/generated/Temporal/Api/Workflow/V1/PostResetOperation.php
vendor/roadrunner-php/roadrunner-api-dto/generated/Temporal/Api/Workflow/V1/PostResetOperation/SignalWorkflow.php
vendor/roadrunner-php/roadrunner-api-dto/generated/Temporal/Api/Workflow/V1/PostResetOperation/UpdateWorkflowOptions.php
vendor/roadrunner-php/roadrunner-api-dto/generated/Temporal/Api/Workflow/V1/RequestIdInfo.php
vendor/roadrunner-php/roadrunner-api-dto/generated/Temporal/Api/Workflow/V1/ResetPointInfo.php
vendor/roadrunner-php/roadrunner-api-dto/generated/Temporal/Api/Workflow/V1/ResetPoints.php
vendor/roadrunner-php/roadrunner-api-dto/generated/Temporal/Api/Workflow/V1/VersioningOverride.php
vendor/roadrunner-php/roadrunner-api-dto/generated/Temporal/Api/Workflow/V1/VersioningOverride/OneTimeOverride.php
vendor/roadrunner-php/roadrunner-api-dto/generated/Temporal/Api/Workflow/V1/VersioningOverride/PinnedOverride.php
vendor/roadrunner-php/roadrunner-api-dto/generated/Temporal/Api/Workflow/V1/VersioningOverride/PinnedOverrideBehavior.php
vendor/roadrunner-php/roadrunner-api-dto/generated/Temporal/Api/Workflow/V1/WorkflowExecutionConfig.php
vendor/roadrunner-php/roadrunner-api-dto/generated/Temporal/Api/Workflow/V1/WorkflowExecutionExtendedInfo.php
vendor/roadrunner-php/roadrunner-api-dto/generated/Temporal/Api/Workflow/V1/WorkflowExecutionInfo.php
vendor/roadrunner-php/roadrunner-api-dto/generated/Temporal/Api/Workflow/V1/WorkflowExecutionOptions.php
vendor/roadrunner-php/roadrunner-api-dto/generated/Temporal/Api/Workflow/V1/WorkflowExecutionPauseInfo.php
vendor/roadrunner-php/roadrunner-api-dto/generated/Temporal/Api/Workflow/V1/WorkflowExecutionVersioningInfo.php
vendor/roadrunner-php/roadrunner-api-dto/generated/Temporal/Api/Workflowservice/V1/CountActivityExecutionsRequest.php
vendor/roadrunner-php/roadrunner-api-dto/generated/Temporal/Api/Workflowservice/V1/CountActivityExecutionsResponse.php
vendor/roadrunner-php/roadrunner-api-dto/generated/Temporal/Api/Workflowservice/V1/CountActivityExecutionsResponse/AggregationGroup.php
vendor/roadrunner-php/roadrunner-api-dto/generated/Temporal/Api/Workflowservice/V1/CountNexusOperationExecutionsRequest.php
vendor/roadrunner-php/roadrunner-api-dto/generated/Temporal/Api/Workflowservice/V1/CountNexusOperationExecutionsResponse.php
vendor/roadrunner-php/roadrunner-api-dto/generated/Temporal/Api/Workflowservice/V1/CountNexusOperationExecutionsResponse/AggregationGroup.php
vendor/roadrunner-php/roadrunner-api-dto/generated/Temporal/Api/Workflowservice/V1/CountSchedulesRequest.php
vendor/roadrunner-php/roadrunner-api-dto/generated/Temporal/Api/Workflowservice/V1/CountSchedulesResponse.php
vendor/roadrunner-php/roadrunner-api-dto/generated/Temporal/Api/Workflowservice/V1/CountSchedulesResponse/AggregationGroup.php
vendor/roadrunner-php/roadrunner-api-dto/generated/Temporal/Api/Workflowservice/V1/CountWorkersRequest.php
vendor/roadrunner-php/roadrunner-api-dto/generated/Temporal/Api/Workflowservice/V1/CountWorkersResponse.php
vendor/roadrunner-php/roadrunner-api-dto/generated/Temporal/Api/Workflowservice/V1/CountWorkflowExecutionsRequest.php
vendor/roadrunner-php/roadrunner-api-dto/generated/Temporal/Api/Workflowservice/V1/CountWorkflowExecutionsResponse.php
vendor/roadrunner-php/roadrunner-api-dto/generated/Temporal/Api/Workflowservice/V1/CountWorkflowExecutionsResponse/AggregationGroup.php
vendor/roadrunner-php/roadrunner-api-dto/generated/Temporal/Api/Workflowservice/V1/CreateScheduleRequest.php
vendor/roadrunner-php/roadrunner-api-dto/generated/Temporal/Api/Workflowservice/V1/CreateScheduleResponse.php
vendor/roadrunner-php/roadrunner-api-dto/generated/Temporal/Api/Workflowservice/V1/CreateWorkerDeploymentRequest.php
vendor/roadrunner-php/roadrunner-api-dto/generated/Temporal/Api/Workflowservice/V1/CreateWorkerDeploymentResponse.php
vendor/roadrunner-php/roadrunner-api-dto/generated/Temporal/Api/Workflowservice/V1/CreateWorkerDeploymentVersionRequest.php
vendor/roadrunner-php/roadrunner-api-dto/generated/Temporal/Api/Workflowservice/V1/CreateWorkerDeploymentVersionResponse.php
vendor/roadrunner-php/roadrunner-api-dto/generated/Temporal/Api/Workflowservice/V1/CreateWorkflowRuleRequest.php
vendor/roadrunner-php/roadrunner-api-dto/generated/Temporal/Api/Workflowservice/V1/CreateWorkflowRuleResponse.php
vendor/roadrunner-php/roadrunner-api-dto/generated/Temporal/Api/Workflowservice/V1/DeleteActivityExecutionRequest.php
vendor/roadrunner-php/roadrunner-api-dto/generated/Temporal/Api/Workflowservice/V1/DeleteActivityExecutionResponse.php
vendor/roadrunner-php/roadrunner-api-dto/generated/Temporal/Api/Workflowservice/V1/DeleteNexusOperationExecutionRequest.php
vendor/roadrunner-php/roadrunner-api-dto/generated/Temporal/Api/Workflowservice/V1/DeleteNexusOperationExecutionResponse.php
vendor/roadrunner-php/roadrunner-api-dto/generated/Temporal/Api/Workflowservice/V1/DeleteScheduleRequest.php
vendor/roadrunner-php/roadrunner-api-dto/generated/Temporal/Api/Workflowservice/V1/DeleteScheduleResponse.php
vendor/roadrunner-php/roadrunner-api-dto/generated/Temporal/Api/Workflowservice/V1/DeleteWorkerDeploymentRequest.php
vendor/roadrunner-php/roadrunner-api-dto/generated/Temporal/Api/Workflowservice/V1/DeleteWorkerDeploymentResponse.php
vendor/roadrunner-php/roadrunner-api-dto/generated/Temporal/Api/Workflowservice/V1/DeleteWorkerDeploymentVersionRequest.php
vendor/roadrunner-php/roadrunner-api-dto/generated/Temporal/Api/Workflowservice/V1/DeleteWorkerDeploymentVersionResponse.php
vendor/roadrunner-php/roadrunner-api-dto/generated/Temporal/Api/Workflowservice/V1/DeleteWorkflowExecutionRequest.php
vendor/roadrunner-php/roadrunner-api-dto/generated/Temporal/Api/Workflowservice/V1/DeleteWorkflowExecutionResponse.php
vendor/roadrunner-php/roadrunner-api-dto/generated/Temporal/Api/Workflowservice/V1/DeleteWorkflowRuleRequest.php
vendor/roadrunner-php/roadrunner-api-dto/generated/Temporal/Api/Workflowservice/V1/DeleteWorkflowRuleResponse.php
vendor/roadrunner-php/roadrunner-api-dto/generated/Temporal/Api/Workflowservice/V1/DeprecateNamespaceRequest.php
vendor/roadrunner-php/roadrunner-api-dto/generated/Temporal/Api/Workflowservice/V1/DeprecateNamespaceResponse.php
vendor/roadrunner-php/roadrunner-api-dto/generated/Temporal/Api/Workflowservice/V1/DescribeActivityExecutionRequest.php
vendor/roadrunner-php/roadrunner-api-dto/generated/Temporal/Api/Workflowservice/V1/DescribeActivityExecutionResponse.php
vendor/roadrunner-php/roadrunner-api-dto/generated/Temporal/Api/Workflowservice/V1/DescribeBatchOperationRequest.php
vendor/roadrunner-php/roadrunner-api-dto/generated/Temporal/Api/Workflowservice/V1/DescribeBatchOperationResponse.php
vendor/roadrunner-php/roadrunner-api-dto/generated/Temporal/Api/Workflowservice/V1/DescribeDeploymentRequest.php
vendor/roadrunner-php/roadrunner-api-dto/generated/Temporal/Api/Workflowservice/V1/DescribeDeploymentResponse.php
vendor/roadrunner-php/roadrunner-api-dto/generated/Temporal/Api/Workflowservice/V1/DescribeNamespaceRequest.php
vendor/roadrunner-php/roadrunner-api-dto/generated/Temporal/Api/Workflowservice/V1/DescribeNamespaceResponse.php
vendor/roadrunner-php/roadrunner-api-dto/generated/Temporal/Api/Workflowservice/V1/DescribeNexusOperationExecutionRequest.php
vendor/roadrunner-php/roadrunner-api-dto/generated/Temporal/Api/Workflowservice/V1/DescribeNexusOperationExecutionResponse.php
vendor/roadrunner-php/roadrunner-api-dto/generated/Temporal/Api/Workflowservice/V1/DescribeScheduleRequest.php
vendor/roadrunner-php/roadrunner-api-dto/generated/Temporal/Api/Workflowservice/V1/DescribeScheduleResponse.php
vendor/roadrunner-php/roadrunner-api-dto/generated/Temporal/Api/Workflowservice/V1/DescribeTaskQueueRequest.php
vendor/roadrunner-php/roadrunner-api-dto/generated/Temporal/Api/Workflowservice/V1/DescribeTaskQueueResponse.php
vendor/roadrunner-php/roadrunner-api-dto/generated/Temporal/Api/Workflowservice/V1/DescribeTaskQueueResponse/EffectiveRateLimit.php
vendor/roadrunner-php/roadrunner-api-dto/generated/Temporal/Api/Workflowservice/V1/DescribeWorkerDeploymentRequest.php
vendor/roadrunner-php/roadrunner-api-dto/generated/Temporal/Api/Workflowservice/V1/DescribeWorkerDeploymentResponse.php
vendor/roadrunner-php/roadrunner-api-dto/generated/Temporal/Api/Workflowservice/V1/DescribeWorkerDeploymentVersionRequest.php
vendor/roadrunner-php/roadrunner-api-dto/generated/Temporal/Api/Workflowservice/V1/DescribeWorkerDeploymentVersionResponse.php
vendor/roadrunner-php/roadrunner-api-dto/generated/Temporal/Api/Workflowservice/V1/DescribeWorkerDeploymentVersionResponse/VersionTaskQueue.php
vendor/roadrunner-php/roadrunner-api-dto/generated/Temporal/Api/Workflowservice/V1/DescribeWorkerRequest.php
vendor/roadrunner-php/roadrunner-api-dto/generated/Temporal/Api/Workflowservice/V1/DescribeWorkerResponse.php
vendor/roadrunner-php/roadrunner-api-dto/generated/Temporal/Api/Workflowservice/V1/DescribeWorkflowExecutionRequest.php
vendor/roadrunner-php/roadrunner-api-dto/generated/Temporal/Api/Workflowservice/V1/DescribeWorkflowExecutionResponse.php
vendor/roadrunner-php/roadrunner-api-dto/generated/Temporal/Api/Workflowservice/V1/DescribeWorkflowRuleRequest.php
vendor/roadrunner-php/roadrunner-api-dto/generated/Temporal/Api/Workflowservice/V1/DescribeWorkflowRuleResponse.php
vendor/roadrunner-php/roadrunner-api-dto/generated/Temporal/Api/Workflowservice/V1/ExecuteMultiOperationRequest.php
vendor/roadrunner-php/roadrunner-api-dto/generated/Temporal/Api/Workflowservice/V1/ExecuteMultiOperationRequest/Operation.php
vendor/roadrunner-php/roadrunner-api-dto/generated/Temporal/Api/Workflowservice/V1/ExecuteMultiOperationResponse.php
vendor/roadrunner-php/roadrunner-api-dto/generated/Temporal/Api/Workflowservice/V1/ExecuteMultiOperationResponse/Response.php
vendor/roadrunner-php/roadrunner-api-dto/generated/Temporal/Api/Workflowservice/V1/FetchWorkerConfigRequest.php
vendor/roadrunner-php/roadrunner-api-dto/generated/Temporal/Api/Workflowservice/V1/FetchWorkerConfigResponse.php
vendor/roadrunner-php/roadrunner-api-dto/generated/Temporal/Api/Workflowservice/V1/GetClusterInfoRequest.php
vendor/roadrunner-php/roadrunner-api-dto/generated/Temporal/Api/Workflowservice/V1/GetClusterInfoResponse.php
vendor/roadrunner-php/roadrunner-api-dto/generated/Temporal/Api/Workflowservice/V1/GetCurrentDeploymentRequest.php
vendor/roadrunner-php/roadrunner-api-dto/generated/Temporal/Api/Workflowservice/V1/GetCurrentDeploymentResponse.php
vendor/roadrunner-php/roadrunner-api-dto/generated/Temporal/Api/Workflowservice/V1/GetDeploymentReachabilityRequest.php
vendor/roadrunner-php/roadrunner-api-dto/generated/Temporal/Api/Workflowservice/V1/GetDeploymentReachabilityResponse.php
vendor/roadrunner-php/roadrunner-api-dto/generated/Temporal/Api/Workflowservice/V1/GetSearchAttributesRequest.php
vendor/roadrunner-php/roadrunner-api-dto/generated/Temporal/Api/Workflowservice/V1/GetSearchAttributesResponse.php
vendor/roadrunner-php/roadrunner-api-dto/generated/Temporal/Api/Workflowservice/V1/GetSystemInfoRequest.php
vendor/roadrunner-php/roadrunner-api-dto/generated/Temporal/Api/Workflowservice/V1/GetSystemInfoResponse.php
vendor/roadrunner-php/roadrunner-api-dto/generated/Temporal/Api/Workflowservice/V1/GetSystemInfoResponse/Capabilities.php
vendor/roadrunner-php/roadrunner-api-dto/generated/Temporal/Api/Workflowservice/V1/GetWorkerBuildIdCompatibilityRequest.php
vendor/roadrunner-php/roadrunner-api-dto/generated/Temporal/Api/Workflowservice/V1/GetWorkerBuildIdCompatibilityResponse.php
vendor/roadrunner-php/roadrunner-api-dto/generated/Temporal/Api/Workflowservice/V1/GetWorkerTaskReachabilityRequest.php
vendor/roadrunner-php/roadrunner-api-dto/generated/Temporal/Api/Workflowservice/V1/GetWorkerTaskReachabilityResponse.php
vendor/roadrunner-php/roadrunner-api-dto/generated/Temporal/Api/Workflowservice/V1/GetWorkerVersioningRulesRequest.php
vendor/roadrunner-php/roadrunner-api-dto/generated/Temporal/Api/Workflowservice/V1/GetWorkerVersioningRulesResponse.php
vendor/roadrunner-php/roadrunner-api-dto/generated/Temporal/Api/Workflowservice/V1/GetWorkflowExecutionHistoryRequest.php
vendor/roadrunner-php/roadrunner-api-dto/generated/Temporal/Api/Workflowservice/V1/GetWorkflowExecutionHistoryResponse.php
vendor/roadrunner-php/roadrunner-api-dto/generated/Temporal/Api/Workflowservice/V1/GetWorkflowExecutionHistoryReverseRequest.php
vendor/roadrunner-php/roadrunner-api-dto/generated/Temporal/Api/Workflowservice/V1/GetWorkflowExecutionHistoryReverseResponse.php
vendor/roadrunner-php/roadrunner-api-dto/generated/Temporal/Api/Workflowservice/V1/ListActivityExecutionsRequest.php
vendor/roadrunner-php/roadrunner-api-dto/generated/Temporal/Api/Workflowservice/V1/ListActivityExecutionsResponse.php
vendor/roadrunner-php/roadrunner-api-dto/generated/Temporal/Api/Workflowservice/V1/ListArchivedWorkflowExecutionsRequest.php
vendor/roadrunner-php/roadrunner-api-dto/generated/Temporal/Api/Workflowservice/V1/ListArchivedWorkflowExecutionsResponse.php
vendor/roadrunner-php/roadrunner-api-dto/generated/Temporal/Api/Workflowservice/V1/ListBatchOperationsRequest.php
vendor/roadrunner-php/roadrunner-api-dto/generated/Temporal/Api/Workflowservice/V1/ListBatchOperationsResponse.php
vendor/roadrunner-php/roadrunner-api-dto/generated/Temporal/Api/Workflowservice/V1/ListClosedWorkflowExecutionsRequest.php
vendor/roadrunner-php/roadrunner-api-dto/generated/Temporal/Api/Workflowservice/V1/ListClosedWorkflowExecutionsResponse.php
vendor/roadrunner-php/roadrunner-api-dto/generated/Temporal/Api/Workflowservice/V1/ListDeploymentsRequest.php
vendor/roadrunner-php/roadrunner-api-dto/generated/Temporal/Api/Workflowservice/V1/ListDeploymentsResponse.php
vendor/roadrunner-php/roadrunner-api-dto/generated/Temporal/Api/Workflowservice/V1/ListNamespacesRequest.php
vendor/roadrunner-php/roadrunner-api-dto/generated/Temporal/Api/Workflowservice/V1/ListNamespacesResponse.php
vendor/roadrunner-php/roadrunner-api-dto/generated/Temporal/Api/Workflowservice/V1/ListNexusOperationExecutionsRequest.php
vendor/roadrunner-php/roadrunner-api-dto/generated/Temporal/Api/Workflowservice/V1/ListNexusOperationExecutionsResponse.php
vendor/roadrunner-php/roadrunner-api-dto/generated/Temporal/Api/Workflowservice/V1/ListOpenWorkflowExecutionsRequest.php
vendor/roadrunner-php/roadrunner-api-dto/generated/Temporal/Api/Workflowservice/V1/ListOpenWorkflowExecutionsResponse.php
vendor/roadrunner-php/roadrunner-api-dto/generated/Temporal/Api/Workflowservice/V1/ListScheduleMatchingTimesRequest.php
vendor/roadrunner-php/roadrunner-api-dto/generated/Temporal/Api/Workflowservice/V1/ListScheduleMatchingTimesResponse.php
vendor/roadrunner-php/roadrunner-api-dto/generated/Temporal/Api/Workflowservice/V1/ListSchedulesRequest.php
vendor/roadrunner-php/roadrunner-api-dto/generated/Temporal/Api/Workflowservice/V1/ListSchedulesResponse.php
vendor/roadrunner-php/roadrunner-api-dto/generated/Temporal/Api/Workflowservice/V1/ListTaskQueuePartitionsRequest.php
vendor/roadrunner-php/roadrunner-api-dto/generated/Temporal/Api/Workflowservice/V1/ListTaskQueuePartitionsResponse.php
vendor/roadrunner-php/roadrunner-api-dto/generated/Temporal/Api/Workflowservice/V1/ListWorkerDeploymentsRequest.php
vendor/roadrunner-php/roadrunner-api-dto/generated/Temporal/Api/Workflowservice/V1/ListWorkerDeploymentsResponse.php
vendor/roadrunner-php/roadrunner-api-dto/generated/Temporal/Api/Workflowservice/V1/ListWorkerDeploymentsResponse/WorkerDeploymentSummary.php
vendor/roadrunner-php/roadrunner-api-dto/generated/Temporal/Api/Workflowservice/V1/ListWorkersRequest.php
vendor/roadrunner-php/roadrunner-api-dto/generated/Temporal/Api/Workflowservice/V1/ListWorkersResponse.php
vendor/roadrunner-php/roadrunner-api-dto/generated/Temporal/Api/Workflowservice/V1/ListWorkflowExecutionsRequest.php
vendor/roadrunner-php/roadrunner-api-dto/generated/Temporal/Api/Workflowservice/V1/ListWorkflowExecutionsResponse.php
vendor/roadrunner-php/roadrunner-api-dto/generated/Temporal/Api/Workflowservice/V1/ListWorkflowRulesRequest.php
vendor/roadrunner-php/roadrunner-api-dto/generated/Temporal/Api/Workflowservice/V1/ListWorkflowRulesResponse.php
vendor/roadrunner-php/roadrunner-api-dto/generated/Temporal/Api/Workflowservice/V1/PatchScheduleRequest.php
vendor/roadrunner-php/roadrunner-api-dto/generated/Temporal/Api/Workflowservice/V1/PatchScheduleResponse.php
vendor/roadrunner-php/roadrunner-api-dto/generated/Temporal/Api/Workflowservice/V1/PauseActivityByIdRequest.php
vendor/roadrunner-php/roadrunner-api-dto/generated/Temporal/Api/Workflowservice/V1/PauseActivityByIdResponse.php
vendor/roadrunner-php/roadrunner-api-dto/generated/Temporal/Api/Workflowservice/V1/PauseActivityExecutionRequest.php
vendor/roadrunner-php/roadrunner-api-dto/generated/Temporal/Api/Workflowservice/V1/PauseActivityExecutionResponse.php
vendor/roadrunner-php/roadrunner-api-dto/generated/Temporal/Api/Workflowservice/V1/PauseActivityRequest.php
vendor/roadrunner-php/roadrunner-api-dto/generated/Temporal/Api/Workflowservice/V1/PauseActivityResponse.php
vendor/roadrunner-php/roadrunner-api-dto/generated/Temporal/Api/Workflowservice/V1/PauseWorkflowExecutionRequest.php
vendor/roadrunner-php/roadrunner-api-dto/generated/Temporal/Api/Workflowservice/V1/PauseWorkflowExecutionResponse.php
vendor/roadrunner-php/roadrunner-api-dto/generated/Temporal/Api/Workflowservice/V1/PollActivityExecutionRequest.php
vendor/roadrunner-php/roadrunner-api-dto/generated/Temporal/Api/Workflowservice/V1/PollActivityExecutionResponse.php
vendor/roadrunner-php/roadrunner-api-dto/generated/Temporal/Api/Workflowservice/V1/PollActivityTaskQueueRequest.php
vendor/roadrunner-php/roadrunner-api-dto/generated/Temporal/Api/Workflowservice/V1/PollActivityTaskQueueResponse.php
vendor/roadrunner-php/roadrunner-api-dto/generated/Temporal/Api/Workflowservice/V1/PollNexusOperationExecutionRequest.php
vendor/roadrunner-php/roadrunner-api-dto/generated/Temporal/Api/Workflowservice/V1/PollNexusOperationExecutionResponse.php
vendor/roadrunner-php/roadrunner-api-dto/generated/Temporal/Api/Workflowservice/V1/PollNexusTaskQueueRequest.php
vendor/roadrunner-php/roadrunner-api-dto/generated/Temporal/Api/Workflowservice/V1/PollNexusTaskQueueResponse.php
vendor/roadrunner-php/roadrunner-api-dto/generated/Temporal/Api/Workflowservice/V1/PollWorkflowExecutionTimeSkippingRequest.php
vendor/roadrunner-php/roadrunner-api-dto/generated/Temporal/Api/Workflowservice/V1/PollWorkflowExecutionTimeSkippingResponse.php
vendor/roadrunner-php/roadrunner-api-dto/generated/Temporal/Api/Workflowservice/V1/PollWorkflowExecutionUpdateRequest.php
vendor/roadrunner-php/roadrunner-api-dto/generated/Temporal/Api/Workflowservice/V1/PollWorkflowExecutionUpdateResponse.php
vendor/roadrunner-php/roadrunner-api-dto/generated/Temporal/Api/Workflowservice/V1/PollWorkflowTaskQueueRequest.php
vendor/roadrunner-php/roadrunner-api-dto/generated/Temporal/Api/Workflowservice/V1/PollWorkflowTaskQueueResponse.php
vendor/roadrunner-php/roadrunner-api-dto/generated/Temporal/Api/Workflowservice/V1/QueryWorkflowRequest.php
vendor/roadrunner-php/roadrunner-api-dto/generated/Temporal/Api/Workflowservice/V1/QueryWorkflowResponse.php
vendor/roadrunner-php/roadrunner-api-dto/generated/Temporal/Api/Workflowservice/V1/RecordActivityTaskHeartbeatByIdRequest.php
vendor/roadrunner-php/roadrunner-api-dto/generated/Temporal/Api/Workflowservice/V1/RecordActivityTaskHeartbeatByIdResponse.php
vendor/roadrunner-php/roadrunner-api-dto/generated/Temporal/Api/Workflowservice/V1/RecordActivityTaskHeartbeatRequest.php
vendor/roadrunner-php/roadrunner-api-dto/generated/Temporal/Api/Workflowservice/V1/RecordActivityTaskHeartbeatResponse.php
vendor/roadrunner-php/roadrunner-api-dto/generated/Temporal/Api/Workflowservice/V1/RecordWorkerHeartbeatRequest.php
vendor/roadrunner-php/roadrunner-api-dto/generated/Temporal/Api/Workflowservice/V1/RecordWorkerHeartbeatResponse.php
vendor/roadrunner-php/roadrunner-api-dto/generated/Temporal/Api/Workflowservice/V1/RegisterNamespaceRequest.php
vendor/roadrunner-php/roadrunner-api-dto/generated/Temporal/Api/Workflowservice/V1/RegisterNamespaceResponse.php
vendor/roadrunner-php/roadrunner-api-dto/generated/Temporal/Api/Workflowservice/V1/RequestCancelActivityExecutionRequest.php
vendor/roadrunner-php/roadrunner-api-dto/generated/Temporal/Api/Workflowservice/V1/RequestCancelActivityExecutionResponse.php
vendor/roadrunner-php/roadrunner-api-dto/generated/Temporal/Api/Workflowservice/V1/RequestCancelNexusOperationExecutionRequest.php
vendor/roadrunner-php/roadrunner-api-dto/generated/Temporal/Api/Workflowservice/V1/RequestCancelNexusOperationExecutionResponse.php
vendor/roadrunner-php/roadrunner-api-dto/generated/Temporal/Api/Workflowservice/V1/RequestCancelWorkflowExecutionRequest.php
vendor/roadrunner-php/roadrunner-api-dto/generated/Temporal/Api/Workflowservice/V1/RequestCancelWorkflowExecutionResponse.php
vendor/roadrunner-php/roadrunner-api-dto/generated/Temporal/Api/Workflowservice/V1/ResetActivityByIdRequest.php
vendor/roadrunner-php/roadrunner-api-dto/generated/Temporal/Api/Workflowservice/V1/ResetActivityByIdResponse.php
vendor/roadrunner-php/roadrunner-api-dto/generated/Temporal/Api/Workflowservice/V1/ResetActivityExecutionRequest.php
vendor/roadrunner-php/roadrunner-api-dto/generated/Temporal/Api/Workflowservice/V1/ResetActivityExecutionResponse.php
vendor/roadrunner-php/roadrunner-api-dto/generated/Temporal/Api/Workflowservice/V1/ResetActivityRequest.php
vendor/roadrunner-php/roadrunner-api-dto/generated/Temporal/Api/Workflowservice/V1/ResetActivityResponse.php
vendor/roadrunner-php/roadrunner-api-dto/generated/Temporal/Api/Workflowservice/V1/ResetStickyTaskQueueRequest.php
vendor/roadrunner-php/roadrunner-api-dto/generated/Temporal/Api/Workflowservice/V1/ResetStickyTaskQueueResponse.php
vendor/roadrunner-php/roadrunner-api-dto/generated/Temporal/Api/Workflowservice/V1/ResetWorkflowExecutionRequest.php
vendor/roadrunner-php/roadrunner-api-dto/generated/Temporal/Api/Workflowservice/V1/ResetWorkflowExecutionResponse.php
vendor/roadrunner-php/roadrunner-api-dto/generated/Temporal/Api/Workflowservice/V1/RespondActivityTaskCanceledByIdRequest.php
vendor/roadrunner-php/roadrunner-api-dto/generated/Temporal/Api/Workflowservice/V1/RespondActivityTaskCanceledByIdResponse.php
vendor/roadrunner-php/roadrunner-api-dto/generated/Temporal/Api/Workflowservice/V1/RespondActivityTaskCanceledRequest.php
vendor/roadrunner-php/roadrunner-api-dto/generated/Temporal/Api/Workflowservice/V1/RespondActivityTaskCanceledResponse.php
vendor/roadrunner-php/roadrunner-api-dto/generated/Temporal/Api/Workflowservice/V1/RespondActivityTaskCompletedByIdRequest.php
vendor/roadrunner-php/roadrunner-api-dto/generated/Temporal/Api/Workflowservice/V1/RespondActivityTaskCompletedByIdResponse.php
vendor/roadrunner-php/roadrunner-api-dto/generated/Temporal/Api/Workflowservice/V1/RespondActivityTaskCompletedRequest.php
vendor/roadrunner-php/roadrunner-api-dto/generated/Temporal/Api/Workflowservice/V1/RespondActivityTaskCompletedResponse.php
vendor/roadrunner-php/roadrunner-api-dto/generated/Temporal/Api/Workflowservice/V1/RespondActivityTaskFailedByIdRequest.php
vendor/roadrunner-php/roadrunner-api-dto/generated/Temporal/Api/Workflowservice/V1/RespondActivityTaskFailedByIdResponse.php
vendor/roadrunner-php/roadrunner-api-dto/generated/Temporal/Api/Workflowservice/V1/RespondActivityTaskFailedRequest.php
vendor/roadrunner-php/roadrunner-api-dto/generated/Temporal/Api/Workflowservice/V1/RespondActivityTaskFailedResponse.php
vendor/roadrunner-php/roadrunner-api-dto/generated/Temporal/Api/Workflowservice/V1/RespondNexusTaskCompletedRequest.php
vendor/roadrunner-php/roadrunner-api-dto/generated/Temporal/Api/Workflowservice/V1/RespondNexusTaskCompletedResponse.php
vendor/roadrunner-php/roadrunner-api-dto/generated/Temporal/Api/Workflowservice/V1/RespondNexusTaskFailedRequest.php
vendor/roadrunner-php/roadrunner-api-dto/generated/Temporal/Api/Workflowservice/V1/RespondNexusTaskFailedResponse.php
vendor/roadrunner-php/roadrunner-api-dto/generated/Temporal/Api/Workflowservice/V1/RespondQueryTaskCompletedRequest.php
vendor/roadrunner-php/roadrunner-api-dto/generated/Temporal/Api/Workflowservice/V1/RespondQueryTaskCompletedResponse.php
vendor/roadrunner-php/roadrunner-api-dto/generated/Temporal/Api/Workflowservice/V1/RespondWorkflowTaskCompletedRequest.php
vendor/roadrunner-php/roadrunner-api-dto/generated/Temporal/Api/Workflowservice/V1/RespondWorkflowTaskCompletedRequest/Capabilities.php
vendor/roadrunner-php/roadrunner-api-dto/generated/Temporal/Api/Workflowservice/V1/RespondWorkflowTaskCompletedResponse.php
vendor/roadrunner-php/roadrunner-api-dto/generated/Temporal/Api/Workflowservice/V1/RespondWorkflowTaskFailedRequest.php
vendor/roadrunner-php/roadrunner-api-dto/generated/Temporal/Api/Workflowservice/V1/RespondWorkflowTaskFailedResponse.php
vendor/roadrunner-php/roadrunner-api-dto/generated/Temporal/Api/Workflowservice/V1/ScanWorkflowExecutionsRequest.php
vendor/roadrunner-php/roadrunner-api-dto/generated/Temporal/Api/Workflowservice/V1/ScanWorkflowExecutionsResponse.php
vendor/roadrunner-php/roadrunner-api-dto/generated/Temporal/Api/Workflowservice/V1/SetCurrentDeploymentRequest.php
vendor/roadrunner-php/roadrunner-api-dto/generated/Temporal/Api/Workflowservice/V1/SetCurrentDeploymentResponse.php
vendor/roadrunner-php/roadrunner-api-dto/generated/Temporal/Api/Workflowservice/V1/SetWorkerDeploymentCurrentVersionRequest.php
vendor/roadrunner-php/roadrunner-api-dto/generated/Temporal/Api/Workflowservice/V1/SetWorkerDeploymentCurrentVersionResponse.php
vendor/roadrunner-php/roadrunner-api-dto/generated/Temporal/Api/Workflowservice/V1/SetWorkerDeploymentManagerRequest.php
vendor/roadrunner-php/roadrunner-api-dto/generated/Temporal/Api/Workflowservice/V1/SetWorkerDeploymentManagerResponse.php
vendor/roadrunner-php/roadrunner-api-dto/generated/Temporal/Api/Workflowservice/V1/SetWorkerDeploymentRampingVersionRequest.php
vendor/roadrunner-php/roadrunner-api-dto/generated/Temporal/Api/Workflowservice/V1/SetWorkerDeploymentRampingVersionResponse.php
vendor/roadrunner-php/roadrunner-api-dto/generated/Temporal/Api/Workflowservice/V1/ShutdownWorkerRequest.php
vendor/roadrunner-php/roadrunner-api-dto/generated/Temporal/Api/Workflowservice/V1/ShutdownWorkerResponse.php
vendor/roadrunner-php/roadrunner-api-dto/generated/Temporal/Api/Workflowservice/V1/SignalWithStartWorkflowExecutionRequest.php
vendor/roadrunner-php/roadrunner-api-dto/generated/Temporal/Api/Workflowservice/V1/SignalWithStartWorkflowExecutionResponse.php
vendor/roadrunner-php/roadrunner-api-dto/generated/Temporal/Api/Workflowservice/V1/SignalWorkflowExecutionRequest.php
vendor/roadrunner-php/roadrunner-api-dto/generated/Temporal/Api/Workflowservice/V1/SignalWorkflowExecutionResponse.php
vendor/roadrunner-php/roadrunner-api-dto/generated/Temporal/Api/Workflowservice/V1/StartActivityExecutionRequest.php
vendor/roadrunner-php/roadrunner-api-dto/generated/Temporal/Api/Workflowservice/V1/StartActivityExecutionResponse.php
vendor/roadrunner-php/roadrunner-api-dto/generated/Temporal/Api/Workflowservice/V1/StartBatchOperationRequest.php
vendor/roadrunner-php/roadrunner-api-dto/generated/Temporal/Api/Workflowservice/V1/StartBatchOperationResponse.php
vendor/roadrunner-php/roadrunner-api-dto/generated/Temporal/Api/Workflowservice/V1/StartNexusOperationExecutionRequest.php
vendor/roadrunner-php/roadrunner-api-dto/generated/Temporal/Api/Workflowservice/V1/StartNexusOperationExecutionResponse.php
vendor/roadrunner-php/roadrunner-api-dto/generated/Temporal/Api/Workflowservice/V1/StartWorkflowExecutionRequest.php
vendor/roadrunner-php/roadrunner-api-dto/generated/Temporal/Api/Workflowservice/V1/StartWorkflowExecutionResponse.php
vendor/roadrunner-php/roadrunner-api-dto/generated/Temporal/Api/Workflowservice/V1/StopBatchOperationRequest.php
vendor/roadrunner-php/roadrunner-api-dto/generated/Temporal/Api/Workflowservice/V1/StopBatchOperationResponse.php
vendor/roadrunner-php/roadrunner-api-dto/generated/Temporal/Api/Workflowservice/V1/TerminateActivityExecutionRequest.php
vendor/roadrunner-php/roadrunner-api-dto/generated/Temporal/Api/Workflowservice/V1/TerminateActivityExecutionResponse.php
vendor/roadrunner-php/roadrunner-api-dto/generated/Temporal/Api/Workflowservice/V1/TerminateNexusOperationExecutionRequest.php
vendor/roadrunner-php/roadrunner-api-dto/generated/Temporal/Api/Workflowservice/V1/TerminateNexusOperationExecutionResponse.php
vendor/roadrunner-php/roadrunner-api-dto/generated/Temporal/Api/Workflowservice/V1/TerminateWorkflowExecutionRequest.php
vendor/roadrunner-php/roadrunner-api-dto/generated/Temporal/Api/Workflowservice/V1/TerminateWorkflowExecutionResponse.php
vendor/roadrunner-php/roadrunner-api-dto/generated/Temporal/Api/Workflowservice/V1/TriggerWorkflowRuleRequest.php
vendor/roadrunner-php/roadrunner-api-dto/generated/Temporal/Api/Workflowservice/V1/TriggerWorkflowRuleResponse.php
vendor/roadrunner-php/roadrunner-api-dto/generated/Temporal/Api/Workflowservice/V1/UnpauseActivityByIdRequest.php
vendor/roadrunner-php/roadrunner-api-dto/generated/Temporal/Api/Workflowservice/V1/UnpauseActivityByIdRequest/ResetOperation.php
vendor/roadrunner-php/roadrunner-api-dto/generated/Temporal/Api/Workflowservice/V1/UnpauseActivityByIdRequest/ResumeOperation.php
vendor/roadrunner-php/roadrunner-api-dto/generated/Temporal/Api/Workflowservice/V1/UnpauseActivityByIdResponse.php
vendor/roadrunner-php/roadrunner-api-dto/generated/Temporal/Api/Workflowservice/V1/UnpauseActivityExecutionRequest.php
vendor/roadrunner-php/roadrunner-api-dto/generated/Temporal/Api/Workflowservice/V1/UnpauseActivityExecutionResponse.php
vendor/roadrunner-php/roadrunner-api-dto/generated/Temporal/Api/Workflowservice/V1/UnpauseActivityRequest.php
vendor/roadrunner-php/roadrunner-api-dto/generated/Temporal/Api/Workflowservice/V1/UnpauseActivityResponse.php
vendor/roadrunner-php/roadrunner-api-dto/generated/Temporal/Api/Workflowservice/V1/UnpauseWorkflowExecutionRequest.php
vendor/roadrunner-php/roadrunner-api-dto/generated/Temporal/Api/Workflowservice/V1/UnpauseWorkflowExecutionResponse.php
vendor/roadrunner-php/roadrunner-api-dto/generated/Temporal/Api/Workflowservice/V1/UpdateActivityExecutionOptionsRequest.php
vendor/roadrunner-php/roadrunner-api-dto/generated/Temporal/Api/Workflowservice/V1/UpdateActivityExecutionOptionsResponse.php
vendor/roadrunner-php/roadrunner-api-dto/generated/Temporal/Api/Workflowservice/V1/UpdateActivityOptionsByIdRequest.php
vendor/roadrunner-php/roadrunner-api-dto/generated/Temporal/Api/Workflowservice/V1/UpdateActivityOptionsByIdResponse.php
vendor/roadrunner-php/roadrunner-api-dto/generated/Temporal/Api/Workflowservice/V1/UpdateActivityOptionsRequest.php
vendor/roadrunner-php/roadrunner-api-dto/generated/Temporal/Api/Workflowservice/V1/UpdateActivityOptionsResponse.php
vendor/roadrunner-php/roadrunner-api-dto/generated/Temporal/Api/Workflowservice/V1/UpdateNamespaceRequest.php
vendor/roadrunner-php/roadrunner-api-dto/generated/Temporal/Api/Workflowservice/V1/UpdateNamespaceResponse.php
vendor/roadrunner-php/roadrunner-api-dto/generated/Temporal/Api/Workflowservice/V1/UpdateScheduleRequest.php
vendor/roadrunner-php/roadrunner-api-dto/generated/Temporal/Api/Workflowservice/V1/UpdateScheduleResponse.php
vendor/roadrunner-php/roadrunner-api-dto/generated/Temporal/Api/Workflowservice/V1/UpdateTaskQueueConfigRequest.php
vendor/roadrunner-php/roadrunner-api-dto/generated/Temporal/Api/Workflowservice/V1/UpdateTaskQueueConfigRequest/RateLimitUpdate.php
vendor/roadrunner-php/roadrunner-api-dto/generated/Temporal/Api/Workflowservice/V1/UpdateTaskQueueConfigResponse.php
vendor/roadrunner-php/roadrunner-api-dto/generated/Temporal/Api/Workflowservice/V1/UpdateWorkerBuildIdCompatibilityRequest.php
vendor/roadrunner-php/roadrunner-api-dto/generated/Temporal/Api/Workflowservice/V1/UpdateWorkerBuildIdCompatibilityRequest/AddNewCompatibleVersion.php
vendor/roadrunner-php/roadrunner-api-dto/generated/Temporal/Api/Workflowservice/V1/UpdateWorkerBuildIdCompatibilityRequest/MergeSets.php
vendor/roadrunner-php/roadrunner-api-dto/generated/Temporal/Api/Workflowservice/V1/UpdateWorkerBuildIdCompatibilityResponse.php
vendor/roadrunner-php/roadrunner-api-dto/generated/Temporal/Api/Workflowservice/V1/UpdateWorkerConfigRequest.php
vendor/roadrunner-php/roadrunner-api-dto/generated/Temporal/Api/Workflowservice/V1/UpdateWorkerConfigResponse.php
vendor/roadrunner-php/roadrunner-api-dto/generated/Temporal/Api/Workflowservice/V1/UpdateWorkerDeploymentVersionComputeConfigRequest.php
vendor/roadrunner-php/roadrunner-api-dto/generated/Temporal/Api/Workflowservice/V1/UpdateWorkerDeploymentVersionComputeConfigResponse.php
vendor/roadrunner-php/roadrunner-api-dto/generated/Temporal/Api/Workflowservice/V1/UpdateWorkerDeploymentVersionMetadataRequest.php
vendor/roadrunner-php/roadrunner-api-dto/generated/Temporal/Api/Workflowservice/V1/UpdateWorkerDeploymentVersionMetadataResponse.php
vendor/roadrunner-php/roadrunner-api-dto/generated/Temporal/Api/Workflowservice/V1/UpdateWorkerVersioningRulesRequest.php
vendor/roadrunner-php/roadrunner-api-dto/generated/Temporal/Api/Workflowservice/V1/UpdateWorkerVersioningRulesRequest/AddCompatibleBuildIdRedirectRule.php
vendor/roadrunner-php/roadrunner-api-dto/generated/Temporal/Api/Workflowservice/V1/UpdateWorkerVersioningRulesRequest/CommitBuildId.php
vendor/roadrunner-php/roadrunner-api-dto/generated/Temporal/Api/Workflowservice/V1/UpdateWorkerVersioningRulesRequest/DeleteBuildIdAssignmentRule.php
vendor/roadrunner-php/roadrunner-api-dto/generated/Temporal/Api/Workflowservice/V1/UpdateWorkerVersioningRulesRequest/DeleteCompatibleBuildIdRedirectRule.php
vendor/roadrunner-php/roadrunner-api-dto/generated/Temporal/Api/Workflowservice/V1/UpdateWorkerVersioningRulesRequest/InsertBuildIdAssignmentRule.php
vendor/roadrunner-php/roadrunner-api-dto/generated/Temporal/Api/Workflowservice/V1/UpdateWorkerVersioningRulesRequest/ReplaceBuildIdAssignmentRule.php
vendor/roadrunner-php/roadrunner-api-dto/generated/Temporal/Api/Workflowservice/V1/UpdateWorkerVersioningRulesRequest/ReplaceCompatibleBuildIdRedirectRule.php
vendor/roadrunner-php/roadrunner-api-dto/generated/Temporal/Api/Workflowservice/V1/UpdateWorkerVersioningRulesResponse.php
vendor/roadrunner-php/roadrunner-api-dto/generated/Temporal/Api/Workflowservice/V1/UpdateWorkflowExecutionOptionsRequest.php
vendor/roadrunner-php/roadrunner-api-dto/generated/Temporal/Api/Workflowservice/V1/UpdateWorkflowExecutionOptionsResponse.php
vendor/roadrunner-php/roadrunner-api-dto/generated/Temporal/Api/Workflowservice/V1/UpdateWorkflowExecutionRequest.php
vendor/roadrunner-php/roadrunner-api-dto/generated/Temporal/Api/Workflowservice/V1/UpdateWorkflowExecutionResponse.php
vendor/roadrunner-php/roadrunner-api-dto/generated/Temporal/Api/Workflowservice/V1/ValidateWorkerDeploymentVersionComputeConfigRequest.php
vendor/roadrunner-php/roadrunner-api-dto/generated/Temporal/Api/Workflowservice/V1/ValidateWorkerDeploymentVersionComputeConfigResponse.php
vendor/roadrunner-php/roadrunner-api-dto/generated/Temporal/Api/Workflowservice/V1/WorkflowServiceClient.php
vendor/sirix/container-resolver/CHANGELOG.md
vendor/sirix/container-resolver/LICENSE
vendor/sirix/container-resolver/README.md
vendor/sirix/container-resolver/composer.json
vendor/sirix/container-resolver/src/ConfigReader.php
vendor/sirix/container-resolver/src/ContainerResolver.php
vendor/sirix/container-resolver/src/Exception/ConfigReaderException.php
vendor/sirix/container-resolver/src/Exception/ContainerResolverException.php
vendor/sirix/container-resolver/src/Exception/InvalidConfigValueException.php
vendor/sirix/container-resolver/src/Exception/InvalidContainerServiceException.php
vendor/sirix/container-resolver/src/Exception/MissingConfigValueException.php
vendor/sirix/container-resolver/src/Exception/MissingContainerServiceException.php
vendor/sirix/container-resolver/src/Exception/ResolverException.php
vendor/sirix/mezzio-routing-contracts/.gitattributes
vendor/sirix/mezzio-routing-contracts/CHANGELOG.md
vendor/sirix/mezzio-routing-contracts/LICENSE
vendor/sirix/mezzio-routing-contracts/README.md
vendor/sirix/mezzio-routing-contracts/composer.json
vendor/sirix/mezzio-routing-contracts/src/AggregatingRouteAttributeModifierInterface.php
vendor/sirix/mezzio-routing-contracts/src/Exception/InvalidMiddlewareSpecificationException.php
vendor/sirix/mezzio-routing-contracts/src/Internal/CompactCanonicalArgumentsCodec.php
vendor/sirix/mezzio-routing-contracts/src/Internal/LegacyCanonicalTreeCodec.php
vendor/sirix/mezzio-routing-contracts/src/MiddlewareFactoryInterface.php
vendor/sirix/mezzio-routing-contracts/src/MiddlewareSpecification.php
vendor/sirix/mezzio-routing-contracts/src/RouteAttributeModifierInterface.php
vendor/sirix/mezzio-valinor-request-mapper/.gitignore
vendor/sirix/mezzio-valinor-request-mapper/CHANGELOG.md
vendor/sirix/mezzio-valinor-request-mapper/LICENSE
vendor/sirix/mezzio-valinor-request-mapper/README.md
vendor/sirix/mezzio-valinor-request-mapper/benchmarks/aggregate.php
vendor/sirix/mezzio-valinor-request-mapper/benchmarks/compare.php
vendor/sirix/mezzio-valinor-request-mapper/benchmarks/request-mapper.php
vendor/sirix/mezzio-valinor-request-mapper/benchmarks/resource-mapper.php
vendor/sirix/mezzio-valinor-request-mapper/benchmarks/worker-soak.php
vendor/sirix/mezzio-valinor-request-mapper/composer-dependency-analyser.php
vendor/sirix/mezzio-valinor-request-mapper/composer.json
vendor/sirix/mezzio-valinor-request-mapper/config/mezzio-valinor.global.php.dist
vendor/sirix/mezzio-valinor-request-mapper/docs/MIGRATION-2.0.md
vendor/sirix/mezzio-valinor-request-mapper/docs/MIGRATION-3.0.md
vendor/sirix/mezzio-valinor-request-mapper/docs/upstream/valinor-invalid-utf8.md
vendor/sirix/mezzio-valinor-request-mapper/src/Attribute/MapRequest.php
vendor/sirix/mezzio-valinor-request-mapper/src/ConfigProvider.php
vendor/sirix/mezzio-valinor-request-mapper/src/Error/DefaultMappingErrorResponder.php
vendor/sirix/mezzio-valinor-request-mapper/src/Error/ErrorResponseOptions.php
vendor/sirix/mezzio-valinor-request-mapper/src/Error/MappingErrorContext.php
vendor/sirix/mezzio-valinor-request-mapper/src/Error/MappingErrorResponderInterface.php
vendor/sirix/mezzio-valinor-request-mapper/src/Error/MappingErrorResponderResolver.php
vendor/sirix/mezzio-valinor-request-mapper/src/Error/RequestInputError.php
vendor/sirix/mezzio-valinor-request-mapper/src/Exception/InvalidMapRequestConfiguration.php
vendor/sirix/mezzio-valinor-request-mapper/src/Factory/DefaultMappingErrorResponderFactory.php
vendor/sirix/mezzio-valinor-request-mapper/src/Factory/HttpRequestSourceFactoryFactory.php
vendor/sirix/mezzio-valinor-request-mapper/src/Factory/InputEncodingValidatorFactory.php
vendor/sirix/mezzio-valinor-request-mapper/src/Factory/MapRequestResolverFactory.php
vendor/sirix/mezzio-valinor-request-mapper/src/Factory/MappingErrorResponderResolverFactory.php
vendor/sirix/mezzio-valinor-request-mapper/src/Factory/MappingPlanResolverFactory.php
vendor/sirix/mezzio-valinor-request-mapper/src/Factory/ValinorMapperBuilderFactory.php
vendor/sirix/mezzio-valinor-request-mapper/src/Factory/ValinorRequestMapperMiddlewareFactory.php
vendor/sirix/mezzio-valinor-request-mapper/src/Factory/ValinorTreeMapperFactory.php
vendor/sirix/mezzio-valinor-request-mapper/src/Mapping/HandlerTarget.php
vendor/sirix/mezzio-valinor-request-mapper/src/Mapping/HandlerTargetCacheEntry.php
vendor/sirix/mezzio-valinor-request-mapper/src/Mapping/HandlerTargetResolver.php
vendor/sirix/mezzio-valinor-request-mapper/src/Mapping/HttpMethodNormalizer.php
vendor/sirix/mezzio-valinor-request-mapper/src/Mapping/HttpRequestSourceContext.php
vendor/sirix/mezzio-valinor-request-mapper/src/Mapping/HttpRequestSourceFactory.php
vendor/sirix/mezzio-valinor-request-mapper/src/Mapping/InputEncodingValidator.php
vendor/sirix/mezzio-valinor-request-mapper/src/Mapping/InputEncodingValidatorInterface.php
vendor/sirix/mezzio-valinor-request-mapper/src/Mapping/InputLimits.php
vendor/sirix/mezzio-valinor-request-mapper/src/Mapping/MapRequestOptionsParser.php
vendor/sirix/mezzio-valinor-request-mapper/src/Mapping/MapRequestResolver.php
vendor/sirix/mezzio-valinor-request-mapper/src/Mapping/MappingOperation.php
vendor/sirix/mezzio-valinor-request-mapper/src/Mapping/MappingPlanResolver.php
vendor/sirix/mezzio-valinor-request-mapper/src/Mapping/RouteMetadataEntry.php
vendor/sirix/mezzio-valinor-request-mapper/src/Middleware/ValinorRequestMapperMiddleware.php
vendor/spiral/goridge/CHANGELOG.md
vendor/spiral/goridge/LICENSE
vendor/spiral/goridge/README.md
vendor/spiral/goridge/codecov.yml
vendor/spiral/goridge/composer.json
vendor/spiral/goridge/examples/client.php
vendor/spiral/goridge/examples/composer.json
vendor/spiral/goridge/examples/go.mod
vendor/spiral/goridge/examples/go.sum
vendor/spiral/goridge/examples/server.go
vendor/spiral/goridge/infection.json.dist
vendor/spiral/goridge/resources/.phpstorm.meta.php
vendor/spiral/goridge/resources/stubs/msgpack.phpstub
vendor/spiral/goridge/src/BlockingRelayInterface.php
vendor/spiral/goridge/src/ConnectedRelayInterface.php
vendor/spiral/goridge/src/Exception/GoridgeException.php
vendor/spiral/goridge/src/Exception/HeaderException.php
vendor/spiral/goridge/src/Exception/InvalidArgumentException.php
vendor/spiral/goridge/src/Exception/RelayException.php
vendor/spiral/goridge/src/Exception/RelayFactoryException.php
vendor/spiral/goridge/src/Exception/TransportException.php
vendor/spiral/goridge/src/Frame.php
vendor/spiral/goridge/src/MultiRelayHelper.php
vendor/spiral/goridge/src/RPC/AbstractRPC.php
vendor/spiral/goridge/src/RPC/AsyncRPCInterface.php
vendor/spiral/goridge/src/RPC/Codec/JsonCodec.php
vendor/spiral/goridge/src/RPC/Codec/MsgpackCodec.php
vendor/spiral/goridge/src/RPC/Codec/ProtobufCodec.php
vendor/spiral/goridge/src/RPC/Codec/RawCodec.php
vendor/spiral/goridge/src/RPC/CodecInterface.php
vendor/spiral/goridge/src/RPC/Exception/CodecException.php
vendor/spiral/goridge/src/RPC/Exception/RPCException.php
vendor/spiral/goridge/src/RPC/Exception/ServiceException.php
vendor/spiral/goridge/src/RPC/MultiRPC.php
vendor/spiral/goridge/src/RPC/RPC.php
vendor/spiral/goridge/src/RPC/RPCInterface.php
vendor/spiral/goridge/src/Relay.php
vendor/spiral/goridge/src/RelayInterface.php
vendor/spiral/goridge/src/SocketRelay.php
vendor/spiral/goridge/src/SocketType.php
vendor/spiral/goridge/src/StreamRelay.php
vendor/spiral/roadrunner-http/LICENSE
vendor/spiral/roadrunner-http/README.md
vendor/spiral/roadrunner-http/composer.json
vendor/spiral/roadrunner-http/src/Exception/StreamStoppedException.php
vendor/spiral/roadrunner-http/src/GlobalState.php
vendor/spiral/roadrunner-http/src/HttpWorker.php
vendor/spiral/roadrunner-http/src/HttpWorkerInterface.php
vendor/spiral/roadrunner-http/src/PSR7Worker.php
vendor/spiral/roadrunner-http/src/PSR7WorkerInterface.php
vendor/spiral/roadrunner-http/src/Request.php
vendor/spiral/roadrunner-worker/LICENSE
vendor/spiral/roadrunner-worker/README.md
vendor/spiral/roadrunner-worker/composer.json
vendor/spiral/roadrunner-worker/src/Environment.php
vendor/spiral/roadrunner-worker/src/Environment/Mode.php
vendor/spiral/roadrunner-worker/src/EnvironmentInterface.php
vendor/spiral/roadrunner-worker/src/Exception/RoadRunnerException.php
vendor/spiral/roadrunner-worker/src/Informer/Worker.php
vendor/spiral/roadrunner-worker/src/Informer/Workers.php
vendor/spiral/roadrunner-worker/src/Internal/StdoutHandler.php
vendor/spiral/roadrunner-worker/src/Logger.php
vendor/spiral/roadrunner-worker/src/Message/Command/GetProcessId.php
vendor/spiral/roadrunner-worker/src/Message/Command/Pong.php
vendor/spiral/roadrunner-worker/src/Message/Command/StreamStop.php
vendor/spiral/roadrunner-worker/src/Message/Command/WorkerStop.php
vendor/spiral/roadrunner-worker/src/Message/ControlMessage.php
vendor/spiral/roadrunner-worker/src/Message/SkipMessage.php
vendor/spiral/roadrunner-worker/src/Payload.php
vendor/spiral/roadrunner-worker/src/PayloadFactory.php
vendor/spiral/roadrunner-worker/src/StreamWorkerInterface.php
vendor/spiral/roadrunner-worker/src/Version.php
vendor/spiral/roadrunner-worker/src/Worker.php
vendor/spiral/roadrunner-worker/src/WorkerAwareInterface.php
vendor/spiral/roadrunner-worker/src/WorkerInterface.php
vendor/spiral/roadrunner-worker/src/WorkerPool.php
vendor/symfony/console/Application.php
vendor/symfony/console/Attribute/Argument.php
vendor/symfony/console/Attribute/AsCommand.php
vendor/symfony/console/Attribute/Ask.php
vendor/symfony/console/Attribute/Interact.php
vendor/symfony/console/Attribute/InteractiveAttributeInterface.php
vendor/symfony/console/Attribute/MapInput.php
vendor/symfony/console/Attribute/Option.php
vendor/symfony/console/Attribute/Reflection/ReflectionMember.php
vendor/symfony/console/CHANGELOG.md
vendor/symfony/console/CI/GithubActionReporter.php
vendor/symfony/console/Color.php
vendor/symfony/console/Command/Command.php
vendor/symfony/console/Command/CompleteCommand.php
vendor/symfony/console/Command/DumpCompletionCommand.php
vendor/symfony/console/Command/HelpCommand.php
vendor/symfony/console/Command/InvokableCommand.php
vendor/symfony/console/Command/LazyCommand.php
vendor/symfony/console/Command/ListCommand.php
vendor/symfony/console/Command/LockableTrait.php
vendor/symfony/console/Command/SignalableCommandInterface.php
vendor/symfony/console/Command/TraceableCommand.php
vendor/symfony/console/CommandLoader/CommandLoaderInterface.php
vendor/symfony/console/CommandLoader/ContainerCommandLoader.php
vendor/symfony/console/CommandLoader/FactoryCommandLoader.php
vendor/symfony/console/Completion/CompletionInput.php
vendor/symfony/console/Completion/CompletionSuggestions.php
vendor/symfony/console/Completion/Output/BashCompletionOutput.php
vendor/symfony/console/Completion/Output/CompletionOutputInterface.php
vendor/symfony/console/Completion/Output/FishCompletionOutput.php
vendor/symfony/console/Completion/Output/ZshCompletionOutput.php
vendor/symfony/console/Completion/Suggestion.php
vendor/symfony/console/ConsoleEvents.php
vendor/symfony/console/Cursor.php
vendor/symfony/console/DataCollector/CommandDataCollector.php
vendor/symfony/console/Debug/CliRequest.php
vendor/symfony/console/DependencyInjection/AddConsoleCommandPass.php
vendor/symfony/console/Descriptor/ApplicationDescription.php
vendor/symfony/console/Descriptor/Descriptor.php
vendor/symfony/console/Descriptor/DescriptorInterface.php
vendor/symfony/console/Descriptor/JsonDescriptor.php
vendor/symfony/console/Descriptor/MarkdownDescriptor.php
vendor/symfony/console/Descriptor/ReStructuredTextDescriptor.php
vendor/symfony/console/Descriptor/TextDescriptor.php
vendor/symfony/console/Descriptor/XmlDescriptor.php
vendor/symfony/console/Event/ConsoleAlarmEvent.php
vendor/symfony/console/Event/ConsoleCommandEvent.php
vendor/symfony/console/Event/ConsoleErrorEvent.php
vendor/symfony/console/Event/ConsoleEvent.php
vendor/symfony/console/Event/ConsoleSignalEvent.php
vendor/symfony/console/Event/ConsoleTerminateEvent.php
vendor/symfony/console/EventListener/ErrorListener.php
vendor/symfony/console/Exception/CommandNotFoundException.php
vendor/symfony/console/Exception/ExceptionInterface.php
vendor/symfony/console/Exception/InvalidArgumentException.php
vendor/symfony/console/Exception/InvalidOptionException.php
vendor/symfony/console/Exception/LogicException.php
vendor/symfony/console/Exception/MissingInputException.php
vendor/symfony/console/Exception/NamespaceNotFoundException.php
vendor/symfony/console/Exception/RunCommandFailedException.php
vendor/symfony/console/Exception/RuntimeException.php
vendor/symfony/console/Formatter/NullOutputFormatter.php
vendor/symfony/console/Formatter/NullOutputFormatterStyle.php
vendor/symfony/console/Formatter/OutputFormatter.php
vendor/symfony/console/Formatter/OutputFormatterInterface.php
vendor/symfony/console/Formatter/OutputFormatterStyle.php
vendor/symfony/console/Formatter/OutputFormatterStyleInterface.php
vendor/symfony/console/Formatter/OutputFormatterStyleStack.php
vendor/symfony/console/Formatter/WrappableOutputFormatterInterface.php
vendor/symfony/console/Helper/DebugFormatterHelper.php
vendor/symfony/console/Helper/DescriptorHelper.php
vendor/symfony/console/Helper/Dumper.php
vendor/symfony/console/Helper/FormatterHelper.php
vendor/symfony/console/Helper/Helper.php
vendor/symfony/console/Helper/HelperInterface.php
vendor/symfony/console/Helper/HelperSet.php
vendor/symfony/console/Helper/InputAwareHelper.php
vendor/symfony/console/Helper/OutputWrapper.php
vendor/symfony/console/Helper/ProcessHelper.php
vendor/symfony/console/Helper/ProgressBar.php
vendor/symfony/console/Helper/ProgressIndicator.php
vendor/symfony/console/Helper/QuestionHelper.php
vendor/symfony/console/Helper/SymfonyQuestionHelper.php
vendor/symfony/console/Helper/Table.php
vendor/symfony/console/Helper/TableCell.php
vendor/symfony/console/Helper/TableCellStyle.php
vendor/symfony/console/Helper/TableRows.php
vendor/symfony/console/Helper/TableSeparator.php
vendor/symfony/console/Helper/TableStyle.php
vendor/symfony/console/Helper/TerminalInputHelper.php
vendor/symfony/console/Helper/TreeHelper.php
vendor/symfony/console/Helper/TreeNode.php
vendor/symfony/console/Helper/TreeStyle.php
vendor/symfony/console/Input/ArgvInput.php
vendor/symfony/console/Input/ArrayInput.php
vendor/symfony/console/Input/Input.php
vendor/symfony/console/Input/InputArgument.php
vendor/symfony/console/Input/InputAwareInterface.php
vendor/symfony/console/Input/InputDefinition.php
vendor/symfony/console/Input/InputInterface.php
vendor/symfony/console/Input/InputOption.php
vendor/symfony/console/Input/StreamableInputInterface.php
vendor/symfony/console/Input/StringInput.php
vendor/symfony/console/Interaction/Interaction.php
vendor/symfony/console/LICENSE
vendor/symfony/console/Logger/ConsoleLogger.php
vendor/symfony/console/Messenger/RunCommandContext.php
vendor/symfony/console/Messenger/RunCommandMessage.php
vendor/symfony/console/Messenger/RunCommandMessageHandler.php
vendor/symfony/console/Output/AnsiColorMode.php
vendor/symfony/console/Output/BufferedOutput.php
vendor/symfony/console/Output/ConsoleOutput.php
vendor/symfony/console/Output/ConsoleOutputInterface.php
vendor/symfony/console/Output/ConsoleSectionOutput.php
vendor/symfony/console/Output/NullOutput.php
vendor/symfony/console/Output/Output.php
vendor/symfony/console/Output/OutputInterface.php
vendor/symfony/console/Output/StreamOutput.php
vendor/symfony/console/Output/TrimmedBufferOutput.php
vendor/symfony/console/Question/ChoiceQuestion.php
vendor/symfony/console/Question/ConfirmationQuestion.php
vendor/symfony/console/Question/Question.php
vendor/symfony/console/README.md
vendor/symfony/console/Resources/bin/hiddeninput.exe
vendor/symfony/console/Resources/completion.bash
vendor/symfony/console/Resources/completion.fish
vendor/symfony/console/Resources/completion.zsh
vendor/symfony/console/SignalRegistry/SignalMap.php
vendor/symfony/console/SignalRegistry/SignalRegistry.php
vendor/symfony/console/SingleCommandApplication.php
vendor/symfony/console/Style/OutputStyle.php
vendor/symfony/console/Style/StyleInterface.php
vendor/symfony/console/Style/SymfonyStyle.php
vendor/symfony/console/Terminal.php
vendor/symfony/console/Tester/ApplicationTester.php
vendor/symfony/console/Tester/CommandCompletionTester.php
vendor/symfony/console/Tester/CommandTester.php
vendor/symfony/console/Tester/Constraint/CommandIsSuccessful.php
vendor/symfony/console/Tester/TesterTrait.php
vendor/symfony/console/composer.json
vendor/symfony/deprecation-contracts/CHANGELOG.md
vendor/symfony/deprecation-contracts/LICENSE
vendor/symfony/deprecation-contracts/README.md
vendor/symfony/deprecation-contracts/composer.json
vendor/symfony/deprecation-contracts/function.php
vendor/symfony/polyfill-ctype/Ctype.php
vendor/symfony/polyfill-ctype/LICENSE
vendor/symfony/polyfill-ctype/README.md
vendor/symfony/polyfill-ctype/bootstrap.php
vendor/symfony/polyfill-ctype/bootstrap80.php
vendor/symfony/polyfill-ctype/composer.json
vendor/symfony/polyfill-intl-grapheme/Grapheme.php
vendor/symfony/polyfill-intl-grapheme/LICENSE
vendor/symfony/polyfill-intl-grapheme/README.md
vendor/symfony/polyfill-intl-grapheme/bootstrap.php
vendor/symfony/polyfill-intl-grapheme/bootstrap80.php
vendor/symfony/polyfill-intl-grapheme/bootstrap85.php
vendor/symfony/polyfill-intl-grapheme/composer.json
vendor/symfony/polyfill-intl-normalizer/LICENSE
vendor/symfony/polyfill-intl-normalizer/Normalizer.php
vendor/symfony/polyfill-intl-normalizer/README.md
vendor/symfony/polyfill-intl-normalizer/Resources/stubs/Normalizer.php
vendor/symfony/polyfill-intl-normalizer/Resources/unidata/canonicalComposition.php
vendor/symfony/polyfill-intl-normalizer/Resources/unidata/canonicalDecomposition.php
vendor/symfony/polyfill-intl-normalizer/Resources/unidata/combiningClass.php
vendor/symfony/polyfill-intl-normalizer/Resources/unidata/compatibilityDecomposition.php
vendor/symfony/polyfill-intl-normalizer/Resources/unidata/rawCanonicalDecomposition.php
vendor/symfony/polyfill-intl-normalizer/Resources/unidata/rawCompatibilityDecomposition.php
vendor/symfony/polyfill-intl-normalizer/bootstrap.php
vendor/symfony/polyfill-intl-normalizer/bootstrap80.php
vendor/symfony/polyfill-intl-normalizer/composer.json
vendor/symfony/polyfill-mbstring/LICENSE
vendor/symfony/polyfill-mbstring/Mbstring.php
vendor/symfony/polyfill-mbstring/README.md
vendor/symfony/polyfill-mbstring/Resources/unidata/caseFolding.php
vendor/symfony/polyfill-mbstring/Resources/unidata/lowerCase.php
vendor/symfony/polyfill-mbstring/Resources/unidata/titleCaseRegexp.php
vendor/symfony/polyfill-mbstring/Resources/unidata/upperCase.php
vendor/symfony/polyfill-mbstring/bootstrap.php
vendor/symfony/polyfill-mbstring/bootstrap72.php
vendor/symfony/polyfill-mbstring/bootstrap80.php
vendor/symfony/polyfill-mbstring/composer.json
vendor/symfony/polyfill-php83/LICENSE
vendor/symfony/polyfill-php83/Php83.php
vendor/symfony/polyfill-php83/README.md
vendor/symfony/polyfill-php83/Resources/stubs/DateError.php
vendor/symfony/polyfill-php83/Resources/stubs/DateException.php
vendor/symfony/polyfill-php83/Resources/stubs/DateInvalidOperationException.php
vendor/symfony/polyfill-php83/Resources/stubs/DateInvalidTimeZoneException.php
vendor/symfony/polyfill-php83/Resources/stubs/DateMalformedIntervalStringException.php
vendor/symfony/polyfill-php83/Resources/stubs/DateMalformedPeriodStringException.php
vendor/symfony/polyfill-php83/Resources/stubs/DateMalformedStringException.php
vendor/symfony/polyfill-php83/Resources/stubs/DateObjectError.php
vendor/symfony/polyfill-php83/Resources/stubs/DateRangeError.php
vendor/symfony/polyfill-php83/Resources/stubs/Override.php
vendor/symfony/polyfill-php83/Resources/stubs/SQLite3Exception.php
vendor/symfony/polyfill-php83/bootstrap.php
vendor/symfony/polyfill-php83/bootstrap72.php
vendor/symfony/polyfill-php83/bootstrap81.php
vendor/symfony/polyfill-php83/composer.json
vendor/symfony/service-contracts/Attribute/Required.php
vendor/symfony/service-contracts/Attribute/SubscribedService.php
vendor/symfony/service-contracts/CHANGELOG.md
vendor/symfony/service-contracts/ContainerAwareInterface.php
vendor/symfony/service-contracts/ContainerProviderInterface.php
vendor/symfony/service-contracts/LICENSE
vendor/symfony/service-contracts/README.md
vendor/symfony/service-contracts/ResetInterface.php
vendor/symfony/service-contracts/ServiceCollectionInterface.php
vendor/symfony/service-contracts/ServiceLocatorTrait.php
vendor/symfony/service-contracts/ServiceMethodsSubscriberTrait.php
vendor/symfony/service-contracts/ServiceProviderInterface.php
vendor/symfony/service-contracts/ServiceSubscriberInterface.php
vendor/symfony/service-contracts/ServiceSubscriberTrait.php
vendor/symfony/service-contracts/Test/ServiceLocatorTest.php
vendor/symfony/service-contracts/Test/ServiceLocatorTestCase.php
vendor/symfony/service-contracts/composer.json
vendor/symfony/string/AbstractString.php
vendor/symfony/string/AbstractUnicodeString.php
vendor/symfony/string/ByteString.php
vendor/symfony/string/CHANGELOG.md
vendor/symfony/string/CodePointString.php
vendor/symfony/string/Exception/ExceptionInterface.php
vendor/symfony/string/Exception/InvalidArgumentException.php
vendor/symfony/string/Exception/RuntimeException.php
vendor/symfony/string/Inflector/EnglishInflector.php
vendor/symfony/string/Inflector/FrenchInflector.php
vendor/symfony/string/Inflector/InflectorInterface.php
vendor/symfony/string/Inflector/SpanishInflector.php
vendor/symfony/string/LICENSE
vendor/symfony/string/LazyString.php
vendor/symfony/string/README.md
vendor/symfony/string/Resources/data/wcswidth_table_wide.php
vendor/symfony/string/Resources/data/wcswidth_table_zero.php
vendor/symfony/string/Resources/functions.php
vendor/symfony/string/Slugger/AsciiSlugger.php
vendor/symfony/string/Slugger/SluggerInterface.php
vendor/symfony/string/TruncateMode.php
vendor/symfony/string/UnicodeString.php
vendor/symfony/string/composer.json
vendor/webimpress/safe-writer/CHANGELOG.md
vendor/webimpress/safe-writer/LICENSE.md
vendor/webimpress/safe-writer/README.md
vendor/webimpress/safe-writer/composer.json
vendor/webimpress/safe-writer/composer.lock
vendor/webimpress/safe-writer/psalm.xml
vendor/webimpress/safe-writer/src/Exception/ChmodException.php
vendor/webimpress/safe-writer/src/Exception/ExceptionInterface.php
vendor/webimpress/safe-writer/src/Exception/RenameException.php
vendor/webimpress/safe-writer/src/Exception/RuntimeException.php
vendor/webimpress/safe-writer/src/Exception/WriteContentException.php
vendor/webimpress/safe-writer/src/FileWriter.php
vendor/webmozart/assert/CHANGELOG.md
vendor/webmozart/assert/LICENSE
vendor/webmozart/assert/README.md
vendor/webmozart/assert/composer.json
vendor/webmozart/assert/src/Assert.php
vendor/webmozart/assert/src/HasAssert.php
vendor/webmozart/assert/src/InvalidArgumentException.php
vendor/webmozart/assert/src/Mixin.php
vendor/webmozart/assert/src/PsalmPlugin.php
